,ATTRIBUTE,OBJECTID,station_co,station_na,COMID,GNIS_NAME,impact,stream_order,type,flow,slope,substrate,size
1,E1UBL,276,304WAD,Waddell Creek Lagoon at Highway 1,17682686,Waddell Creek,0.032292218,4,estuarine,perennial,low,unconsolidated,medium
2,E1UBL,159,310SYB,Los Osos Creek @ Turri Rd no littering sign,8193593,Los Osos Creek,0.33535109,3,estuarine,perennial,low,unconsolidated,head
3,E1UBL,380,310PCO,Pico Creek @ Hwy 1,8190665,Pico Creek,0.046850998,3,estuarine,perennial,low,unconsolidated,head
4,E1UBL,341,309POT,Old Salinas River @ Potrero Rd,17605293,Alisal Slough,0.526992672,5,estuarine,perennial,low,unconsolidated,medium
5,E1UBL,191,GVWTC1,Tecolote Creek Lagoon,17596215, ,0.246621622,2,estuarine,perennial,low,unconsolidated,head
6,E2EMPx,263,305THU,Pajaro River at Thurwachter Bridge,17663449,Pajaro River,0.174156629,6,estuarine,perennial,low,vegetated,medium
7,L2USC,403,311SLE,Soda Lake northeast culvert @ Seven Mile Rd,17657193, ,0.086956522,1,fresh,perennial,low,unconsolidated,head
8,PEM/SSC,214,309CLCBVC,Chalone Creek,8202351,Chalone Creek,0.040697674,4,fresh,intermittent,low,vegetated,medium
9,PEM/SSC,124,309CAW178,Rattle Snake Creek ~0.4mi above Pinal Creek,8204221,Rattlesnake Creek,0.003861004,2,fresh,intermittent,low,vegetated,head
10,PEM1A,123,312CAW031,Cuyama River ~1mi NE Carrizo Canyon Creek,17633094,Cuyama River,0.038569836,5,fresh,intermittent,low,vegetated,medium
11,PEMA,29,310SLD,Davenport Creek @ Broad St,8192817, ,0.868421053,1,fresh,intermittent,low,vegetated,head
12,PEMC,337,305HAR,Harkins Slough at Harkins Slough Road,17663267, ,0.49235474,1,fresh,intermittent,low,vegetated,head
13,PEMCd,95,305STL,Struve Slough at Lee Road,17663287, ,0.778656126,2,fresh,intermittent,low,vegetated,head
14,PEMCx,26,309SOS,Chualar Creek @ Old Stage Rd (south branch),8201857, ,0.984210526,1,fresh,intermittent,low,vegetated,head
15,PEMCx,28,309SBC,Chualar Creek west side of Hwy 101 (south branch),8201857, ,0.984210526,1,fresh,intermittent,low,vegetated,head
16,PEMCx,40,305LLA,Llagas Creek at Bloomfield Avenue,948060251,Llagas Creek,0.576539589,4,fresh,intermittent,low,vegetated,medium
17,PEMCx,25,309NOS,Chualar Creek @ Old Stage Rd (north branch),8201853,Chualar Creek,0.176081425,3,fresh,intermittent,low,vegetated,head
18,PEMHx,85,305SJA,San Juan Creek @ Anzar Rd,17663387, ,0.316549732,3,fresh,intermittent,low,vegetated,head
19,PEMHx,87,305PRR,San Juan Creek @ Prescott Rd,17663507, ,0.329242263,3,fresh,intermittent,low,vegetated,head
20,PEMHx,325,305SJN,San Juan Creek at Anzar Rd for RWB3 Site,17663387, ,0.316549732,3,fresh,intermittent,low,vegetated,head
21,PFO/SSC,151,310LVR,Los Osos Creek Los Osos Valley Rd.,8193607,Los Osos Creek,0.23255814,2,fresh,intermittent,low,vegetated,head
22,PFO/SSC,160,310SBE,San Bernardo Creek @ Adobe Rd,8193579,San Bernardo Creek,0.104704097,2,fresh,intermittent,low,vegetated,head
23,PFO/SSC,163,310CLK,Los Osos Creek Clark Valley Road,8192687,Los Osos Creek,0.078886311,2,fresh,intermittent,low,vegetated,head
24,PFO/SSC,150,310CLV,Los Osos Creek 1.0 mi downstream from 310CLK,8192687,Los Osos Creek,0.078886311,2,fresh,intermittent,low,vegetated,head
25,PFO/SSC,164,310MNO,"San Bernardo Creek, Maino Ranch",8193579,San Bernardo Creek,0.104704097,2,fresh,intermittent,low,vegetated,head
26,PFO/SSC,111,313WE0899,Shuman Creek Pt Sal Rd. ~1.4mi W Casmalia,17619942, ,0.115291262,3,fresh,intermittent,low,vegetated,head
27,PFOA,233,305SSCAUC,Swanson Creek above Uvas Cr.,17661281, ,0,1,fresh,intermittent,low,vegetated,head
28,PFOA,23,305CAN,Carnadero Creek upstream of Pajaro River,17663007,Carnadero Creek,0.177942354,4,fresh,intermittent,low,vegetated,medium
29,PFOA,297,315ROM,Romero Creek @ Jamison Lane,17595445,Romero Creek,0.330241187,2,fresh,intermittent,low,vegetated,head
30,PFOA,35,315GBR,Glen Annie Creek @ Bishop Ranch Rd,17595253, ,0.266666667,1,fresh,intermittent,low,vegetated,head
31,PFOA,201,305PS0057,Pajaro River above Millers Canal,17662993,Pajaro River,0.264122488,5,fresh,intermittent,low,vegetated,medium
32,PFOA,294,315MIU,Mission Creek at Foothill Road,17595453,Mission Creek,0.286407767,3,fresh,intermittent,low,vegetated,head
33,PFOA,340,305PES,Pescadero Creek NE of Chittendon @ RR tracks,17663279,Pescadero Creek,0.058252427,3,fresh,intermittent,low,vegetated,head
34,PFOA,121,307CAW135,Carmel River CAW135,17599293,Carmel River,0.073287037,5,fresh,intermittent,low,vegetated,medium
35,PFOA,63,305CHI,Pajaro River at Chittenden Gap,17663281,Pajaro River,0.156373823,6,fresh,intermittent,low,vegetated,medium
36,PFOA,333,305UVA,Uvas Creek at Bloomfield Avenue,17663007,Carnadero Creek,0.177942354,4,fresh,intermittent,low,vegetated,medium
37,PFOA,80,305COR,Salsipuedes Creek downstream of Corralitos Creek,17663255,Salsipuedes Creek,0.466451292,4,fresh,intermittent,low,vegetated,medium
38,PFOA,336,305CAR,Carnadero Creek at Private property access,17663007,Carnadero Creek,0.177942354,4,fresh,intermittent,low,vegetated,medium
39,PFOA,322,305PAJ,Pajaro River at Betabel Road,17663291,Pajaro River,0.26759593,5,fresh,intermittent,low,vegetated,medium
40,PFOC,373,310AGF,Arroyo Grande at Fair Oaks Bridge,8193021,Arroyo Grande Creek,0.185457163,4,fresh,intermittent,low,vegetated,medium
41,PFOC,173,GVWBL2,Bell Creek at San Miguel Open Space,17595359, ,0.33863275,2,fresh,intermittent,low,vegetated,head
42,PFOC,44,315LCC,Los Carneros Creek at Calle Real,17595367, ,0.317333333,2,fresh,intermittent,low,vegetated,head
43,PFOC,51,309NAD,Natividad Creek upstream from Salinas Reclamation Canal,17604451,Natividad Creek,0.326192795,3,fresh,intermittent,low,vegetated,head
44,PFOC,249,315ABU,Arroyo Burro at Cliff Drive,17595459,Arroyo Burro,0.3825,2,fresh,intermittent,low,vegetated,head
45,PFOC,18,315BEF,Bell Creek @ Winchester Canyon Park,17595359, ,0.33863275,2,fresh,intermittent,low,vegetated,head
46,PFOC,165,310LSL,San Luisito Creek Lower,8192577,San Luisito Creek,0.041176471,2,fresh,intermittent,low,vegetated,head
47,PFOC,182,GVWLC2,Los Carneros Creek at Calle Rea,17595367, ,0.317333333,2,fresh,intermittent,low,vegetated,head
48,PFOC,176,GVWDV24,El Encanto Creek (Phelps Ditch) at Padova Park,17595413, ,0.926666667,1,fresh,intermittent,low,vegetated,head
49,PFOC,132,305CAW097,Bodfish Creek ~0.45mi below Whitehurst Rd.,17661653,Bodfish Creek,0.069339112,3,fresh,intermittent,low,vegetated,head
50,PFOC,116,304WE1096,Scott Creek ~0.7mi above Mill Creek,17682688,Scott Creek,0.049635036,2,fresh,intermittent,low,vegetated,head
51,PFOC,271,304SVC,San Vicente Creek at the gate at the end of San Vicente Creek Road,17682526,San Vicente Creek,0.014475271,2,fresh,intermittent,low,vegetated,head
52,PFOC,184,GVWMY2,Maria Ygnacio at Old San Marcos Road,17596111,Maria Ygnacio Creek,0.219709208,2,fresh,intermittent,low,vegetated,head
53,PFOC,268,313SAC,San Antonio Creek at VAFB RR bridge,17620018,San Antonio Creek,0.30729064,4,fresh,intermittent,low,vegetated,medium
54,PFOC,206,304PS0194,East Waddell Creek ~0.7mi below Opal Cr.,17682654,East Waddell Creek,0.025730994,3,fresh,intermittent,low,vegetated,head
55,PFOC,129,304CAW016,San Vicente Creek at Davenport,17682536,San Vicente Creek,0.027339642,2,fresh,intermittent,low,vegetated,head
56,PFOC,188,GVWSP3,San Pedro Creek at Cathedral Oaks Road,17596097,San Pedro Creek,0.45990566,2,fresh,intermittent,low,vegetated,head
57,PFOC,192,GVWDV25,Tributary of El Encanto Creek (Phelps Ditch) at Evergreen Frisbee Course,17595413, ,0.926666667,1,fresh,intermittent,low,vegetated,head
58,PFOC,289,315DOS,Dos Pueblos Canyon Creek at Highway 101,17595317, ,0.14229249,3,fresh,intermittent,low,vegetated,head
59,PFOC,103,NAT-LAS,Natividad Creek at Las Casitas Drive,17604471,Natividad Creek,0.399305556,3,fresh,intermittent,low,vegetated,head
60,PFOC,319,305OAK,Llagas Creek @ Oak Glen Avenue,17661097,Llagas Creek,0.212100612,3,fresh,intermittent,low,vegetated,head
61,PFOC,181,GVWLV1,Las Vegas Creek at La Goleta Road,17595351,Las Vegas Creek,0.607773852,2,fresh,intermittent,low,vegetated,head
62,PFOC,66,310PRE,Prefumo Creek  @ Calle Joaquin,8193639,Prefumo Creek,0.365510778,2,fresh,intermittent,low,vegetated,head
63,PFOC,14,310USG,Arroyo Grande Creek @ old USGS gage,8193677,Arroyo Grande Creek,0.151071374,4,fresh,intermittent,low,vegetated,medium
64,PFOCh,320,305CHE,Llagas Creek @ Chesbro Reservoir,17661049,Llagas Creek,0.218323587,3,fresh,intermittent,low,vegetated,head
65,PFOJ,50,314MCM,Miguelito Creek mouth @ treatment plant,17607917,San Miguelito Creek,0.286772487,2,fresh,intermittent,low,vegetated,head
66,PFOS,274,304SOK,Soquel Creek at Knob Hill Parking Lot,17684378,Soquel Creek,0.125,3,fresh,intermittent,low,vegetated,head
67,PSS/FOCx,98,310WRP,Warden Creek @ Wetlands Restoration Preserve,8192635, ,0.452926209,3,fresh,intermittent,low,vegetated,head
68,PSS/USA,408,305CCUSGS,Clear Creek at USGS gauge and Oak Flat Camp,17673639,Clear Creek,0.076361222,3,fresh,intermittent,low,vegetated,head
69,PSSA,278,312ALA,Alamo Creek at Alamo Creek Road,17632516,Alamo Creek,0.044029638,4,fresh,intermittent,low,vegetated,medium
70,PSSA,229,312RYCALR,Reyes Creek ~2.7mi above Lockwood Valley Rd.,17637988,Reyes Creek,0.009242144,2,fresh,intermittent,low,vegetated,head
71,PSSA,149,310DAM,Dairy Creek within Cattle exclosure,8192615,Dairy Creek,0.208163265,1,fresh,intermittent,low,vegetated,head
72,PSSA,92,314SYF,Santa Ynez River at Floradale Rd,948060202,Santa Ynez River,0.101355697,5,fresh,intermittent,low,vegetated,medium
73,PSSA,349,309KNG,Salinas River @ Hwy 101 in King City,948060164,Salinas River,0.121039554,6,fresh,intermittent,low,vegetated,medium
74,PSSAx,155,310SLU,San Luisito Creek @ Adobe Rd,8192585,San Luisito Creek,0.112637363,2,fresh,intermittent,low,vegetated,head
75,PSSC,158,310DAL,Dairy Creek lower limit,8192615,Dairy Creek,0.208163265,1,fresh,intermittent,low,vegetated,head
76,PSSC,286,315RSB,Canada del Refugio above Highway 101,17594785, ,0.199602781,3,fresh,intermittent,low,vegetated,head
77,PSSCx,156,310UWR,Warden Creek 1.5 mi upstream from Turri Rd,8193609, ,0.469072165,2,fresh,intermittent,low,vegetated,head
78,PSSCx,84,305ACR,San Juan creek @ 1st St and Christopher Ranch,17663513, ,0.180929095,2,fresh,intermittent,low,vegetated,head
79,PSSCx,65,305PJP,Pajaro River at Porter/Main,17665505,Pajaro River,0.17387512,6,fresh,intermittent,low,vegetated,medium
80,PUBF,216,305LGCACR,Laguna Creek,17671963,Laguna Creek,0.01320132,2,fresh,intermittent,low,unconsolidated,head
81,PUBFx,68,309UQA,Quail Creek @ Old Stage Rd,8201815,Quail Creek,0.131464174,3,fresh,intermittent,low,unconsolidated,head
82,PUSAx,339,305LEA,Llagas Creek at Leavesley Road,17661631,Llagas Creek,0.498759818,4,fresh,intermittent,low,unconsolidated,medium
83,PUSCx,398,312CUT,Cuyama River below Twitchell @ White Rock Lane,17635028,Cuyama River,0.045390749,5,fresh,intermittent,low,unconsolidated,medium
84,R1UBV,389,310SCP,San Carpoforo Creek @ Hwy 1,8190321,San Carpoforo Creek,0.010290334,3,fresh,perennial,low,unconsolidated,head
85,R1UBV,96,309TEH,Tembladero Slough @ Haro,17605297, ,0.448327333,3,fresh,perennial,low,unconsolidated,head
86,R1UBV,405,309SALDDM,Salinas River downstream of Blanco Drain (100 feet below the inflatable dam),8201803,Salinas River,0.126651821,6,fresh,perennial,low,unconsolidated,medium
87,R1UBV,52,309OLD,Old Salinas River at Monterey Dunes Way,17604291,Old Salinas River,0.519600366,5,fresh,perennial,low,unconsolidated,medium
88,R1UBV,88,312SMA,Santa Maria River above Estuary,17623995,Santa Maria River,0.062034965,6,fresh,perennial,low,unconsolidated,medium
89,R1UBV,355,309TEM,Tembladero Slough @ Preston Rd,17605297, ,0.448327333,3,fresh,perennial,low,unconsolidated,head
90,R1UBV,275,304SOQ,Soquel Creek Lagoon at RR Trussels,17684380,Soquel Creek,0.151006711,3,fresh,perennial,low,unconsolidated,head
91,R1UBV,298,309SBR,Salinas River @ Hwy 1,8201913,Salinas River,0.12777112,6,fresh,perennial,low,unconsolidated,medium
92,R1UBV,147,310TWB,Chorro Creek at South Bay Boulevard,8193581,Chorro Creek,0.207668712,3,fresh,perennial,low,unconsolidated,head
93,R2ABHx,38,312OFN,Little Oso Flaco Creek @ railroad trestles,17621903, ,0.603960396,NA,fresh,perennial,low,vegetated,medium
94,R2UBF,253,315ATA,Atascadero Creek at Ward Drive,17595429,Atascadero Creek,0.41185488,3,fresh,perennial,low,unconsolidated,head
95,R2UBF,172,GVWAT1,Atascadero Creek at Ward,17595429,Atascadero Creek,0.41185488,3,fresh,perennial,low,unconsolidated,head
96,R2UBFx,392,310VIA,Villa Creek upstream Hwy 1,8192479,Villa Creek,0.187669991,3,fresh,perennial,low,unconsolidated,head
97,R2UBG,346,309NAC,Nacimiento River at Highway 101,8212739, ,0.037894507,5,fresh,perennial,low,unconsolidated,medium
98,R2UBG,76,309USA,Salinas River At Bradley Bridge,8211471,Salinas River,0.110273265,6,fresh,perennial,low,unconsolidated,medium
99,R2UBG,200,309PS0043,Nacimiento River ~2.5mi above Avery Rd.,8212889, ,0.034253499,5,fresh,perennial,low,unconsolidated,medium
100,R2UBH,81,313SAE,San Antonio Creek at San Antonio Road East,17620568,San Antonio Creek,0.324660028,4,fresh,perennial,low,unconsolidated,medium
101,R2UBH,269,310SLB,San Luis Obispo Creek at San Luis Bay Drive,8192913,San Luis Obispo Creek,0.428518927,3,fresh,perennial,low,unconsolidated,head
102,R2UBH,256,307CML,Carmel River at Highway 1,17600111,Carmel River,0.070198306,5,fresh,perennial,low,unconsolidated,medium
103,R2UBH,145,310CER,"Chorro Creek above Ecological Reserve, ~0.3mi above San Luisito Creek",8192599,Chorro Creek,0.271021992,2,fresh,perennial,low,unconsolidated,head
104,R2UBH,112,314WE0785,Unnamed Creek ~0.2mi SE Santa Ynez River,17607779, ,0.333982473,3,fresh,perennial,low,unconsolidated,head
105,R2UBH,10,307-CARME-36,Carmel River at Schulte Road MBNMS,17600113,Carmel River,0.062348257,5,fresh,perennial,low,unconsolidated,medium
106,R2UBH,8,307-CARME-38,Carmel River at Hwy 1 MBNMS,17600111,Carmel River,0.070198306,5,fresh,perennial,low,unconsolidated,medium
107,R2UBH,144,310UCR,Chorro Creek @ upper Chorro Creek Ecological Reserve,8192613,Chorro Creek,0.293937068,2,fresh,perennial,low,unconsolidated,head
108,R2UBH,6,307-CARME-366,Carmel River @ Schulte Road - upstream,17600113,Carmel River,0.062348257,5,fresh,perennial,low,unconsolidated,medium
109,R2UBH,267,313SAI,San Antonio Creek at San Antonio Rd West,17620568,San Antonio Creek,0.324660028,4,fresh,perennial,low,unconsolidated,medium
110,R2UBH,227,310OLD,Old Creek at Cottontail Creek Road County Access Gate,8193557,Old Creek,0.123755334,2,fresh,perennial,low,unconsolidated,head
111,R2UBH,270,310SSC,San Simeon Creek at State Park foot bridge,8190709,San Simeon Creek,0.108645754,4,fresh,perennial,low,unconsolidated,medium
112,R2UBH,91,314SYN,Santa Ynez River at 13th Street,17608943,Santa Ynez River,0.107709751,5,fresh,perennial,low,unconsolidated,medium
113,R2UBH,11,310CCC,Chorro Creek upstream from Chorro Flats,8192587,Chorro Creek,0.206829897,3,fresh,perennial,low,unconsolidated,head
114,R2UBH,395,310MOR,Morro Creek @ Lila Kaiser Park,8192559,Morro Creek,0.315789474,2,fresh,perennial,low,unconsolidated,head
115,R2UBH,89,312SMI,Santa Maria River at Highway 1,17625463,Santa Maria River,0.051052297,6,fresh,perennial,low,unconsolidated,medium
116,R2UBH,122,310CAW176,Chorro Creek ~3.5mi above San Luisito Creek,8192613,Chorro Creek,0.293937068,2,fresh,perennial,low,unconsolidated,head
117,R2UBH,387,307CMD,Carmel River @ Schulte Rd,17600113,Carmel River,0.062348257,5,fresh,perennial,low,unconsolidated,medium
118,R2UBH,157,310CAN,Chorro Creek at Canet Road,8192599,Chorro Creek,0.271021992,2,fresh,perennial,low,unconsolidated,head
119,R2UBHx,72,309JON,Salinas Reclamation Canal @ San Jon Rd,17604479,Alisal Slough,0.36562043,5,fresh,perennial,low,unconsolidated,medium
120,R2UBHx,5,306-CORNC-31,Corn Cob Canyon Creek/Watsonville Creek,17604009, ,0.807909605,1,fresh,perennial,low,unconsolidated,head
121,R2UBHx,19,309BLA,Blanco Drain below Pump,8201803,Salinas River,0.126651821,6,fresh,perennial,low,unconsolidated,medium
122,R2UBHx,348,309ALU,Salinas Reclamation Canal at Airport Rd,17604551,Alisal Creek,0.385954559,4,fresh,perennial,low,unconsolidated,medium
123,R2UBHx,13,309ASB,Alisal Slough @ White Barn,17604415, ,0.994301994,2,fresh,perennial,low,unconsolidated,head
124,R2UBHx,71,309ALG,Salinas Reclamation Canal @ La Guardia,17604551,Alisal Creek,0.385954559,4,fresh,perennial,low,unconsolidated,medium
125,R2UBHx,45,315LCR,Los Carneros Creek at Hollister Road,17595367, ,0.317333333,2,fresh,perennial,low,unconsolidated,head
126,R2UBHx,34,309GAB,Gabilan Creek @ Independence Rd and East Boranda Rd,17604473,Gabilan Creek,0.216134361,4,fresh,perennial,low,unconsolidated,medium
127,R2UBHx,62,312OFC,Oso Flaco Creek at Oso Flaco Lake Road,17621947, ,0.742268041,NA,fresh,perennial,low,unconsolidated,medium
128,R2UBHx,61,312USC,Oso Flaco Creek @ Oso Flaco Lake Rd upstream creek confluence,17621947, ,0.742268041,NA,fresh,perennial,low,unconsolidated,medium
129,R2UBHx,178,GVWDV20,El Encanto Creek at Devereux Slough,17595433, ,0.711711712,2,fresh,perennial,low,unconsolidated,head
130,R2UBHx,1,306-CARNE-36,Carneros Creek at Blohm Road,17605277,Elkhorn Slough,0.377981651,3,fresh,perennial,low,unconsolidated,head
131,R2UBHx,104,309ALD,Salinas Reclamation Canal @ Boranda Rd,17604479,Alisal Slough,0.36562043,5,fresh,perennial,low,unconsolidated,medium
132,R2UBHx,356,306WAC,Watsonville Creek @ Elkhorn Rd,17604009, ,0.807909605,1,fresh,perennial,low,unconsolidated,head
133,R2UBHx,102,GAB-VET,Gabilan Creek at Veteran's Park,17604473,Gabilan Creek,0.216134361,4,fresh,perennial,low,unconsolidated,medium
134,R2UBHx,183,GVWLC1,Los Carneros Creek at Hollister,17595367, ,0.317333333,2,fresh,perennial,low,unconsolidated,head
135,R2UBHx,49,309MER,Merrit Ditch upstream from Hwy 183,17604339, ,0.720575414,3,fresh,perennial,low,unconsolidated,head
136,R2UBHx,360,309AXX,Salinas Reclamation Canal Storm Drain @ Airport Rd,17604551,Alisal Creek,0.385954559,4,fresh,perennial,low,unconsolidated,medium
137,R2UBHx,73,309AVR,Salinas Reclamation Canal @ Victor Rd,17604495,Alisal Slough,0.338963171,5,fresh,perennial,low,unconsolidated,medium
138,R2UBHx,99,305WCS,Watsonville Creek (aka Corncob Canyon) at Elkhorn Rd/Hudson Lndg,17604009, ,0.807909605,1,fresh,perennial,low,unconsolidated,head
139,R2UBHx,344,306CAR,Carneros Creek in Los Lomas @ Blohm Rd,17604029,Elkhorn Slough,0.373549884,3,fresh,perennial,low,unconsolidated,head
140,R2USA,195,305PS0034,Pajaro River,17663227,Pajaro River,0.160579093,6,fresh,perennial,low,unconsolidated,medium
141,R2USC,323,305MUR,Pajaro River at Murphy's Crossing,17665507,Pajaro River,0.159466086,6,fresh,perennial,low,unconsolidated,medium
142,R3UBF,225,312MZCDBC,Manzana Creek ~0.5mi above Davy Brown Creek,17626881,Manzana Creek,0.001662234,4,fresh,perennial,high,unconsolidated,medium
143,R3UBF,246,312SQRABP,Sisquoc River ~2.3 mi above Big Pine Cyn.,17626569,Sisquoc River,0.011494253,2,fresh,perennial,high,unconsolidated,head
144,R3UBF,342,309SEC,Arroyo Seco River @ Elm St,8205291,Arroyo Seco,0.03783758,5,fresh,perennial,high,unconsolidated,medium
145,R3UBF,345,317CHO,Cholame Creek At Bitterwater Road,17647963,Cholame Creek,0.066848296,5,fresh,perennial,high,unconsolidated,medium
146,R3UBF,358,317CHO2,Cholame Creek 500m Downstream of Bitterwater Rd.,17648071,Cholame Creek,0.073197054,5,fresh,perennial,high,unconsolidated,medium
147,R3UBF,118,312WE1028,Sisquoc River ~0.8mi below Rattlesnake Canyon,17626437,Sisquoc River,0.002778743,4,fresh,perennial,high,unconsolidated,medium
148,R3UBF,120,309CAW009,Arroyo Seco Creek ~0.6mi above Piney Cr.,8203299,Arroyo Seco,0.01647776,4,fresh,perennial,high,unconsolidated,medium
149,R3UBF,361,309LOR,San Lorenzo Creek @ Bitterwater Rd east of King City,8205487,San Lorenzo Creek,0.123021211,5,fresh,perennial,high,unconsolidated,medium
150,R3UBF,343,309ATS,Atascadero Creek Highway 41,8213339,Atascadero Creek,0.304314913,3,fresh,perennial,high,unconsolidated,head
151,R3UBF,285,315GAI,Canada de la Gaviota at Highway 1,17593463, ,0.076923077,3,fresh,perennial,high,unconsolidated,head
152,R3UBF,232,304SPC236,Sempervirens Creek above Hwy 236,17682218,Sempervirens Creek,0.03,2,fresh,perennial,high,unconsolidated,head
153,R3UBF,202,312PS0099,Manzana Creek ~1.1mi below Davy Brown Cr.,17626291,Manzana Creek,0.002386002,4,fresh,perennial,high,unconsolidated,medium
154,R3UBF,382,310SLC,San Luis Creek at Cuesta Park,8192659,San Luis Obispo Creek,0.16091954,3,fresh,perennial,high,unconsolidated,head
155,R3UBH,281,315BEL,Bell Ck on Bacara Resort Access Road,17595359, ,0.33863275,2,fresh,perennial,high,unconsolidated,head
156,R3UBH,108,305WE0883,Little Arthur Creek ~1mi W Redwood Retreat Rd.,17661455,Little Arthur Creek,0.0625,1,fresh,perennial,high,unconsolidated,head
157,R3UBH,136,304CAW153,Scott Creek ~4mi below Little Basin,17682680,Scott Creek,0.012468828,2,fresh,perennial,high,unconsolidated,head
158,R3UBH,272,310SRO,Santa Rosa Ck at Moonstone Beach Drive,8191209,Santa Rosa Creek,0.178136704,4,fresh,perennial,high,unconsolidated,medium
159,R3UBH,328,304SL9,San Lorenzo River at Highway 9,17682384,Love Creek,0.220472441,2,fresh,perennial,high,unconsolidated,head
160,R3UBH,242,308LILPAL,Little Sur River ~1.7mi above Skinner Cr.,8188755,Little Sur River,0.002957122,4,fresh,perennial,high,unconsolidated,medium
161,R3UBH,240,309LAS1MI,Arroyo Seco Creek ~1.1mi below Tassajara Cr.,8203439,Arroyo Seco,0.008071025,4,fresh,perennial,high,unconsolidated,medium
162,R3UBH,7,307-CARME-31,Carmel River at Cachuaga Community Center,17600733,Carmel River,0.001208897,4,fresh,perennial,high,unconsolidated,medium
163,R3UBH,134,308CAW055,Garrapata Creek ~0.2mi below Joshua Creek,8188693,Garrapata Creek,0.031602709,3,fresh,perennial,high,unconsolidated,head
164,R3UBH,219,310LPCBPC,Lopez Canyon Creek ~0.5mi below Potrero Cr.,8192731, ,0.00443787,2,fresh,perennial,high,unconsolidated,head
165,R3UBH,213,309ARCBRC,Arroyo Seco below Rocky Creek,8203373,Arroyo Seco,0.00831965,4,fresh,perennial,high,unconsolidated,medium
166,R3UBH,326,304SLB,San Lorenzo River at Big Trees Road,17682474,San Lorenzo River,0.12316426,4,fresh,perennial,high,unconsolidated,medium
167,R3UBH,245,308WER325,Little Sur River above Skinner Creek,8188799,Little Sur River,0.000555556,4,fresh,perennial,high,unconsolidated,medium
168,R3UBH,224,305LGCBRC,Llagas Creek above Baldy Ryan Cyn. Cr.,17661007,Llagas Creek,0.206378987,3,fresh,perennial,high,unconsolidated,head
169,R3UBH,9,307-CARME-33,Carmel River at Rosie's Bridge,17600475,Carmel River,0.034032472,5,fresh,perennial,high,unconsolidated,medium
170,R3UBH,239,310SSU,San Simeon Creek at San Simeon Creek Road,8190679,San Simeon Creek,0.05885214,4,fresh,perennial,high,unconsolidated,medium
171,R3UBH,375,307CMN,Carmel River @ Nason Rd Community Park,17600733,Carmel River,0.001208897,4,fresh,perennial,high,unconsolidated,medium
172,R3UBH,335,304ZAY,Zayante Creek at Graham Hill Road,17682470,Zayante Creek,0.217151454,3,fresh,perennial,high,unconsolidated,head
173,R3UBH,254,308BSR,Big Sur River at Andrew Molera foot bridge,8188861,Big Sur River,0.037708333,4,fresh,perennial,high,unconsolidated,medium
174,R3UBH,148,310COO,Coon Creek at Pecho Valley Road,8193645,Coon Creek,0.016583748,2,fresh,perennial,high,unconsolidated,head
175,R3UBH,378,308LIM,Limekiln Creek @ Limekiln State Park,8189197,Limekiln Creek,0.008941878,3,fresh,perennial,high,unconsolidated,head
176,R3UBH,230,308SAM,Salmon Creek upstream Hwy 1,8191147,Salmon Creek,0.024154589,2,fresh,perennial,high,unconsolidated,head
177,R3UBH,313,304BEP,Bear Creek at Elks Park,17682316,Bear Creek,0.050134288,3,fresh,perennial,high,unconsolidated,head
178,R3UBH,314,304BH9,Boulder Creek at Highway 9,17682322,Boulder Creek,0.101580135,2,fresh,perennial,high,unconsolidated,head
179,R3UBH,193,307PS0028,Carmel River,17600701,Carmel River,0.018783039,5,fresh,perennial,high,unconsolidated,medium
180,R3UBH,277,308WLO,Willow Creek at Highway 1,8190201,Willow Creek,0.012363636,3,fresh,perennial,high,unconsolidated,head
181,R3UBH,237,308BGC,Big Creek at Highway 1,8189139,Big Creek,0.008714597,3,fresh,perennial,high,unconsolidated,head
182,R3UBH,264,310PIS,"Pismo Creek above Highway 101, Frady Lane Bridge",8192993,Pismo Creek,0.324685235,3,fresh,perennial,high,unconsolidated,head
183,R3UBH,198,307PS0044,Carmel River ~0.5mi below Paso Del Rio Rd.,17599355,Carmel River,0.046058879,5,fresh,perennial,high,unconsolidated,medium
184,R3UBH,238,308LSRASC,Little Sur River ~0.4mi above Skinner Cr.,8188811,Little Sur River,0,4,fresh,perennial,high,unconsolidated,medium
185,R3UBH,131,309CAW126,Tassajara Creek ~0.3mi above Tassajara Hot Springs,8203401,Tassajara Creek,0.002863278,3,fresh,perennial,high,unconsolidated,head
186,R3UBH,212,307CE0094,San Clemente Creek ~1.3mi above Black Rock Creek,17601605,San Clemente Creek,0.009090909,2,fresh,perennial,high,unconsolidated,head
187,R3UBH,390,310TCC,Toro Creek at Toro Creek Canyon Road Bridge,8192531,Toro Creek,0.187782805,2,fresh,perennial,high,unconsolidated,head
188,R3UBH,393,308LSU,Little Sur River @ Old Coast Rd,8188841,South Fork Little Sur River,0.005649718,2,fresh,perennial,high,unconsolidated,head
189,R3UBH,244,309SED071,Tassajara Creek - Horse Pasture Trail 71,8203477,Tassajara Creek,0.016707617,3,fresh,perennial,high,unconsolidated,head
190,R3UBH,299,314SAL,Salsipuedes Creek @ Santa Rosa Rd,17607969,Salsipuedes Creek,0.190580105,4,fresh,perennial,high,unconsolidated,medium
191,R3UBH,327,304RIV,San Lorenzo River at Crossing Street,17684066,San Lorenzo River,0.129205922,4,fresh,perennial,high,unconsolidated,medium
192,R3UBH,166,310USL,San Luisito Creek Upper,8193577,San Luisito Creek,0.030567686,2,fresh,perennial,high,unconsolidated,head
193,R3UBH,208,308PS0204,Big Sur River ~1mi above Pfeiffer Redwood Cr.,8188943,Big Sur River,0.028611632,4,fresh,perennial,high,unconsolidated,medium
194,R3UBH,235,304WDCAH1,Waddell Creek ~1.8mi above Hwy 1,17682686,Waddell Creek,0.032292218,4,fresh,perennial,high,unconsolidated,medium
195,R3UBH,236,309WLCATC,Willow Creek ~0.3mi above Trassajara Cr.,8203489,Willow Creek,0.050583658,2,fresh,perennial,high,unconsolidated,head
196,R3UBH,130,304CAW081,Soquel Creek ~0.2mi above Laurel Glen Rd.,17683352,Soquel Creek,0.06870229,3,fresh,perennial,high,unconsolidated,head
197,R3UBH,210,304PS0274,Zayante Creek above Grahm Hill Rd,17682470,Zayante Creek,0.217151454,3,fresh,perennial,high,unconsolidated,head
198,R3UBH,290,315CAP,El Capitan Creek below Highway 101,17594801,El Capitan Creek,0.062874251,2,fresh,perennial,high,unconsolidated,head
199,R3UBH,309,315TCI,Tecolote Creek @ Bacara Resort access Road,17595353, ,0.248722317,2,fresh,perennial,high,unconsolidated,head
200,R3UBH,374,310AGS,Arroyo Grande Creek @ Strother Park,8193677,Arroyo Grande Creek,0.151071374,4,fresh,perennial,high,unconsolidated,medium
201,R3UBH,255,315GAV,Canada de la Gaviota at State Park entrance,17594763, ,0.129737609,3,fresh,perennial,high,unconsolidated,head
202,R3UBH,377,308GAR,Garrapata Creek at Private Property access (above Highway 1),8188693,Garrapata Creek,0.031602709,3,fresh,perennial,high,unconsolidated,head
203,R3UBH,243,308ROCBBQ,Rocky Creek ~1.7mi above Hwy 1,8188719,Rocky Creek,0.017751479,2,fresh,perennial,high,unconsolidated,head
204,R3UBH,259,304GAZ,Gazos Creek Lagoon at Highway 1,17682228,Gazos Creek,0.028103044,2,fresh,perennial,high,unconsolidated,head
205,R3UBH,261,308LSR,Little Sur River @ Hwy 1,8188795,Little Sur River,0.005312869,4,fresh,perennial,high,unconsolidated,medium
206,R3UBH,383,310SLV,San Luis Obispo Ck at Los Osos Valley Road,8192773,San Luis Obispo Creek,0.384864865,3,fresh,perennial,high,unconsolidated,head
207,R3UBH,16,315APC,Arroyo Paredon Creek at Via Real,17595455,Arroyo Paredon,0.119191919,2,fresh,perennial,high,unconsolidated,head
208,R3UBH,372,310AGB,Arroyo Grande at Bittle Park,8193667,Arroyo Grande Creek,0.039926991,4,fresh,perennial,high,unconsolidated,medium
209,R3UBH,223,307CMRADC,Carmel River above Danish Cr.,17601657,Carmel River,0.000772599,4,fresh,perennial,high,unconsolidated,medium
210,R3UBH,222,308BSU,Big Sur River at Peiffer Big Sur State Park USGS gauge,8189809,Big Sur River,0.011922882,4,fresh,perennial,high,unconsolidated,medium
211,R3UBH,311,304APS,Aptos Creek at Nisene Marks Park Road,17683402,Aptos Creek,0.024721879,2,fresh,perennial,high,unconsolidated,head
212,R3UBH,391,310TOR,Toro Creek upstream Hwy 1,8192531,Toro Creek,0.187782805,2,fresh,perennial,high,unconsolidated,head
213,R3UBH,388,310CAY,Cayucos Creek @ Cayucos Creek Rd,8193565,Cayucos Creek,0.237575758,2,fresh,perennial,high,unconsolidated,head
214,R3UBH,228,308PWCAH1,Prewitt Creek above Hwy 1,8190141,Prewitt Creek,0,3,fresh,perennial,high,unconsolidated,head
215,R3UBH,273,304SCM,Scott Creek upstream Big Creek residences,17682682,Scott Creek,0.030660377,2,fresh,perennial,high,unconsolidated,head
216,R3UBH,234,305UVCASC,Uvas Creek above Swanson Cyn. Cr.,17661237,Uvas Creek,0.01171875,2,fresh,perennial,high,unconsolidated,head
217,R3UBH,190,GVWTC2,Tecolote Creek at Vereda del Padre,17595353, ,0.248722317,2,fresh,perennial,high,unconsolidated,head
218,R3UBH,218,309SDCMCC,Sandy Creek,8202263, ,0.089180328,3,fresh,perennial,high,unconsolidated,head
219,R3UBH,371,310SCN,Stenner Creek at Nipomo Street,8192711, ,0.482758621,2,fresh,perennial,high,unconsolidated,head
220,R3UBH,364,309NAF,Nacimiento River above Ponderosa campground,8204525,Nacimiento River,0.028419183,2,fresh,perennial,high,unconsolidated,head
221,R3UBH,194,304PS0018,Lompico Creek,17682662,Lompico Creek,0.306122449,1,fresh,perennial,high,unconsolidated,head
222,R3UBH,209,304PS0253,San Lorenzo River ~0.4mi above McGaffigan Rd.,17682178,San Lorenzo River,0.049149338,2,fresh,perennial,high,unconsolidated,head
223,R3UBH,146,310CHO,Chorro Creek at Camp SLO,8193603,Chorro Creek,0.306320908,2,fresh,perennial,high,unconsolidated,head
224,R3UBH,260,315JAL,Jalama Creek at County Park at RR trussels,17593975,Jalama Creek,0.086738949,4,fresh,perennial,high,unconsolidated,medium
225,R3UBH,207,308PS0156,Skinner Creek ~0.2mi above Little Sur River,8188801,Skinner Creek,0,2,fresh,perennial,high,unconsolidated,head
226,R3UBH,379,308MIL,Mill Creek @ Mill Creek Picnic Area,8190105,Mill Creek,0.009389671,3,fresh,perennial,high,unconsolidated,head
227,R3UBH,385,310SRU,Santa Rosa Creek at Ferrassi Road,8190759,Santa Rosa Creek,0.165264423,3,fresh,perennial,high,unconsolidated,head
228,R3UBH,384,310SLM,San Luis Obispo Creek @ Mission Plaza,8193611,San Luis Obispo Creek,0.256463289,3,fresh,perennial,high,unconsolidated,head
229,R3UBH,376,307CMU,Carmel River at Esquiline Road,17600475,Carmel River,0.034032472,5,fresh,perennial,high,unconsolidated,medium
230,R3UBH,128,310CAW192,San Luis Obispo Creek ~1.1mi above Reservoir Canyon Creek,8192653,San Luis Obispo Creek,0.303754266,2,fresh,perennial,high,unconsolidated,head
231,R3UBH,15,315APF,Arroyo Paredon Creek at Foothill Bridge,17595455,Arroyo Paredon,0.119191919,2,fresh,perennial,high,unconsolidated,head
232,R3UBH,330,304SOU,Soquel Creek at Soquel Creek Road,17683352,Soquel Creek,0.06870229,3,fresh,perennial,high,unconsolidated,head
233,R3UBH,329,304SLE,San Lorenzo Upstream Bear Creek,17682314,San Lorenzo River,0.070524412,3,fresh,perennial,high,unconsolidated,head
234,R3UBH,220,315ARH101,Arroyo Hondo ~0.5mi above Hwy 101,17594741, ,0.075075075,2,fresh,perennial,high,unconsolidated,head
235,R3UBH,381,308SJC,San Jose Creek at Private Road Access (north of Point Lobos),8187663,San Jose Creek,0.049593496,3,fresh,perennial,high,unconsolidated,head
236,R3UBH,315,304BRA,Branciforte Creek at Water Street,17684084,Carbonera Creek,0.411922304,3,fresh,perennial,high,unconsolidated,head
237,R3UBH,221,309ARSARC,Arroyo Seco ~0.3mi above Rosevelt Cr.,8204015,Arroyo Seco,0.00505689,3,fresh,perennial,high,unconsolidated,head
238,R3UBH,226,308MWCAH1,McWay Creek ~0.4mi above Hwy 1,8189049,McWay Creek,0,2,fresh,perennial,high,unconsolidated,head
239,R4SBA,399,312HUA,Huasna River at School Road,17633096,Huasna River,0.067442989,4,fresh,perennial,low,unconsolidated,medium
240,R4SBA,288,312CUY,Cuyama River downstream Buckhorn Rd,17632536, ,0.03125,1,fresh,perennial,low,unconsolidated,head
241,R4SBA,359,317EST,Estrella River @ Airport Rd,17647991,Estrella River,0.094695032,5,fresh,perennial,low,unconsolidated,medium
242,R4SBAx,308,315SCC,Sycamore Creek at Punta Gorda,17595447,Sycamore Creek,0.331521739,3,fresh,perennial,low,unconsolidated,head
243,R4SBAx,310,315TOR,Toro Canyon Creek at  Via Real,17595451,Toro Canyon Creek,0.336683417,1,fresh,perennial,low,unconsolidated,head
244,R4SBAx,279,315ABH,Arroyo Burro Creek at Hope Street,17596153,Arroyo Burro,0.285925926,2,fresh,perennial,low,unconsolidated,head
245,R4SBAx,175,GVWDV21,El Encanto Creek (Phelps Ditch) above Ocean Meadows Golf Course,17595413, ,0.926666667,1,fresh,perennial,low,unconsolidated,head
246,R4SBAx,177,GVWDV22,El Encanto Creek (Phelps Ditch) at Phelps Rd.,17595413, ,0.926666667,1,fresh,perennial,low,unconsolidated,head
247,R4SBC,36,315GAN,Glenn Annie Creek upstream Cathedral Oaks,17595369,Tecolotito Creek,0.367069486,2,fresh,perennial,low,unconsolidated,head
248,R4SBC,366,309ANT,San Antonio River at Interlake Road Bridge,8210533,San Antonio River,0.069622834,4,fresh,perennial,low,unconsolidated,medium
249,R4SBC,367,315SJH,San Jose Creek @ Hollister Road,17595405,San Jose Creek,0.38138479,2,fresh,perennial,low,unconsolidated,head
250,R4SBC,363,309TOP,Topo Creek @ Metz Rd,8202713, ,0.071106316,4,fresh,perennial,low,unconsolidated,medium
251,R4SBC,79,309SUN,Salinas River upstream Nacimiento @ Bradley Rd,8212733,Salinas River,0.128261304,6,fresh,perennial,low,unconsolidated,medium
252,R4SBC,217,309SARANF,San Antonio River,8204317,San Antonio River,0.018162674,4,fresh,perennial,low,unconsolidated,medium
253,R4SBC,135,305CAW049,Pacheco Creek ~1.3mi above South Fork,17662371,Pacheco Creek,0.047154472,3,fresh,perennial,low,unconsolidated,head
254,R4SBC,137,309CAW116,Toro Creek at Gaging Station,8214349,Toro Creek,0.031659389,2,fresh,perennial,low,unconsolidated,head
255,R4SBC,83,305SBH,San Benito River at Hollister near 156,17663521,San Benito River,0.064724667,6,fresh,perennial,low,unconsolidated,medium
256,R4SBC,78,309GRN,Salinas River Elm Road in Greenfield,948060268,Salinas River,0.122053643,6,fresh,perennial,low,unconsolidated,medium
257,R4SBC,31,317ESE,Estrella River @ Estrella River Rd upstream Hwy 46,17649021,Estrella River,0.083328623,5,fresh,perennial,low,unconsolidated,medium
258,R4SBC,293,315MYC,Maria Ynacio Creek @ Patterson Avenue,17595393,Maria Ygnacio Creek,0.227877839,3,fresh,perennial,low,unconsolidated,head
259,R4SBC,368,315CAU,Carpinteria Creek at Highway 192,17596159,Carpinteria Creek,0.149884704,3,fresh,perennial,low,unconsolidated,head
260,R4SBC,324,305BRI,"San Benito River, Bridge downstream Willow Creek",17665645,San Benito River,0.035454126,4,fresh,perennial,low,unconsolidated,medium
261,R4SBC,185,GVWMY1,Maria Ygnacio Creek at Patterson,17595393,Maria Ygnacio Creek,0.227877839,3,fresh,perennial,low,unconsolidated,head
262,R4SBC,231,307SCCARR,San Clemente Creek ~0.5mi above Robinson Cyn. Rd.,17600667,San Clemente Creek,0,1,fresh,perennial,low,unconsolidated,head
263,R4SBC,362,309LOK,San Lorenzo Creek @ First St in King City,8205383,San Lorenzo Creek,0.138052483,5,fresh,perennial,low,unconsolidated,medium
264,R4SBC,204,309PS0116,San Antonio River ~0.5mi above Bear Cyn. Cr.,8204319,San Antonio River,0.019253672,4,fresh,perennial,low,unconsolidated,medium
265,R4SBC,351,309PSO,Salinas River 13th Street in Paso Robles,8212843,Salinas River,0.180126123,5,fresh,perennial,low,unconsolidated,medium
266,R4SBC,74,309SAG,Salinas River @ Gonzales River Rd Bridge,948060280,Salinas River,0.118434581,6,fresh,perennial,low,unconsolidated,medium
267,R4SBC,354,309SAN,San Antonio River @ Hwy 101,8212727,San Antonio River,0.095518657,4,fresh,perennial,low,unconsolidated,medium
268,R4SBC,280,315ATU,Atascadero Creek @ Patterson Avenue,17595395,Atascadero Creek,0.747557003,2,fresh,perennial,low,unconsolidated,head
269,R4SBC,186,GVWSJ1,San Jose Creek at Hollister Avenue,17595405,San Jose Creek,0.38138479,2,fresh,perennial,low,unconsolidated,head
270,R4SBC,170,GVWAT2,Atascadero Creek at Patterson,17595395,Atascadero Creek,0.747557003,2,fresh,perennial,low,unconsolidated,head
271,R4SBC,386,307TUL,Tularcitos Creek @ Carmel Valley Rd,17600591,Tularcitos Creek,0.053265122,3,fresh,perennial,low,unconsolidated,head
272,R4SBC,211,308PS0308,Unnamed Trib. to Mill Creek ~0.8mi above Mainstem,8190091, ,0,1,fresh,perennial,low,unconsolidated,head
273,R4SBC,296,312NIT,Nipomo Creek at Tefft Street,17621895,Nipomo Creek,0.633037694,3,fresh,perennial,low,unconsolidated,head
274,R4SBC,161,310DAU,Dairy Creek above Cattle Enclosure,8192615,Dairy Creek,0.208163265,1,fresh,perennial,low,unconsolidated,head
275,R4SBC,203,309PS0072,Salinas River ~1.1mi above Hwy 101,948060165,Salinas River,0.119278947,6,fresh,perennial,low,unconsolidated,medium
276,R4SBC,365,309SAP,Salinas River at High Mountain Lookout Road,8213739,Salinas River,0.027520099,3,fresh,perennial,low,unconsolidated,head
277,R4SBC,257,315CRP,Carpinteria Creek at 8th Street foot bridge,17596159,Carpinteria Creek,0.149884704,3,fresh,perennial,low,unconsolidated,head
278,R4SBC,139,309CAW182,San Antonio River ~1.4mi above Sam Jones Rd.,8210487,San Antonio River,0.060725006,4,fresh,perennial,low,unconsolidated,medium
279,R4SBC,179,GVWGA2,Glen Annie/Tecolotito Creek at Cathedral Oaks,17595369,Tecolotito Creek,0.367069486,2,fresh,perennial,low,unconsolidated,head
280,R4SBC,75,309SSP,Salinas River @ Spreckels Gage,8200525,Salinas River,0.124944438,6,fresh,perennial,low,unconsolidated,medium
281,R4SBC,77,309SAC,Salinas River at Chualar River Road,8200795,Salinas River,0.118572379,6,fresh,perennial,low,unconsolidated,medium
282,R4SBC,196,309PS0040,Salinas River PS0040,948060378,Salinas River,0.119986872,6,fresh,perennial,low,unconsolidated,medium
283,R4SBC,142,310UPN,Upper Pennington Creek,8193599,Pennington Creek,0.235507246,1,fresh,perennial,low,unconsolidated,head
284,R4SBC,250,310ADU,Arroyo de la Cruz 500m upstream from Highway 1,8190409,Arroyo De La Laguna,0.014440433,4,fresh,perennial,low,unconsolidated,medium
285,R4SBC,404,309SALUBD,Salinas River at Blaco Road (upstream of Blanco Dam),8201805,Salinas River,0.126309827,6,fresh,perennial,low,unconsolidated,medium
286,R4SBC,295,312NIP,Nipomo Creek at Highway 166,17625305,Nipomo Creek,0.486358244,3,fresh,perennial,low,unconsolidated,head
287,R4SBC,187,GVWSJ2,San Jose Creek at North Patterson Avenue,17596109,San Jose Creek,0.206722689,2,fresh,perennial,low,unconsolidated,head
288,R4SBC,350,309SAS,Salinas River @ Hwy 101 in Soledad,948060170,Salinas River,0.120294835,6,fresh,perennial,low,unconsolidated,medium
289,R4SBC,154,310APN,Pennington Creek upstream from horse corral,8193599,Pennington Creek,0.235507246,1,fresh,perennial,low,unconsolidated,head
290,R4SBC,353,309DSA,Salinas River Cattlemen Road near San Ardo,8209153,Salinas River,0.11321904,6,fresh,perennial,low,unconsolidated,medium
291,R4SBC,352,309SAT,Salinas River at Highway 41,8213281,Salinas River,0.130917341,5,fresh,perennial,low,unconsolidated,medium
292,R4SBC,153,310PEN,Pennington Creek at Hwy 1,8193599,Pennington Creek,0.235507246,1,fresh,perennial,low,unconsolidated,head
293,R4SBC,141,309CAW050,San Antonio River at Oro Fino Canyon,8209461,San Antonio River,0.04240999,4,fresh,perennial,low,unconsolidated,medium
294,R4SBC,357,309SET,Arroyo Seco River at Thorne Road,8202941,Arroyo Seco,0.059735077,5,fresh,perennial,low,unconsolidated,medium
295,R4SBC,127,309CAW174,San Antonio River NF above Carrizo Creek,8204149,North Fork San Antonio River,0.042654028,2,fresh,perennial,low,unconsolidated,head
296,R4SBC,266,309DAV,Salinas River at Davis Road,8200471,Salinas River,0.125212749,6,fresh,perennial,low,unconsolidated,medium
297,R4SBC,152,310CPN,Pennington Creek @ bridge,8193599,Pennington Creek,0.235507246,1,fresh,perennial,low,unconsolidated,head
298,R4SBC,251,310ADC,Arroyo de la Cruz at Highway 1,8190405,Arroyo De La Laguna,0.016794343,4,fresh,perennial,low,unconsolidated,medium
299,R4SBC,126,309CAW194,San Antonio River above Del Venturi Rd.,8209329,San Antonio River,0.031436686,4,fresh,perennial,low,unconsolidated,medium
300,R4SBC,167,CMWCP00,Carpinteria Creek at 8th Street,17596159,Carpinteria Creek,0.149884704,3,fresh,perennial,low,unconsolidated,head
301,R4SBC,138,309CAW130,Nacimiento River 0.7mi above Slickrock Creek,8209419,Nacimiento River,0.013432836,4,fresh,perennial,low,unconsolidated,medium
302,R4SBCx,67,309QUI,Quail Creek @ Hwy 101,948060078,Quail Creek,0.171224732,3,fresh,perennial,low,unconsolidated,head
303,R4SBCx,24,309CRR,Chualar Creek @ Chualar River Rd,948060140,Chualar Creek,0.291083916,3,fresh,perennial,low,unconsolidated,head
304,R4SBCx,347,309UAL,Salinas Reclamation Canal @ Old Stage Rd,948060324,Alisal Creek,0.301462905,3,fresh,perennial,low,unconsolidated,head
305,R4SBCx,53,312ORI,Orcutt Creek @ Hwy 1,17624121, ,0.468106312,3,fresh,perennial,low,unconsolidated,head
306,R4SBCx,106,309-SRITA-34,Santa Rita Creek at Russell Road,17605311, ,0.830860534,1,fresh,perennial,low,unconsolidated,head
307,R4SBCx,70,309QCW,Quail Creek west of Hwy 101 @ RR tracks,948060078,Quail Creek,0.171224732,3,fresh,perennial,low,unconsolidated,head
308,R4SBCx,105,309-SRITA-36,Santa Rita Creek at North Main Street and East Bolivar Street,17605311, ,0.830860534,1,fresh,perennial,low,unconsolidated,head
309,R4SBCx,394,310BER,Los Berros Creek @ Valley Rd,8193027,Los Berros Creek,0.327547592,2,fresh,perennial,low,unconsolidated,head
310,R4SBCx,174,GVWCG1,Cieneguitas Creek at Nogal Drive,17595357,Cieneguitas Creek,0.678733032,2,fresh,perennial,low,unconsolidated,head
311,R4SBCx,3,306-CARNE-32,Carneros Creek at mid entry to wetland,17604037,Elkhorn Slough,0.362396493,3,fresh,perennial,low,unconsolidated,head
312,R4SBCx,27,309CCD,Chualar Creek west of Highway 101,948060140,Chualar Creek,0.291083916,3,fresh,perennial,low,unconsolidated,head
313,R4SBCx,189,GVWSP1,San Pedro Creek near Hollister Avenue,17595383,San Pedro Creek,0.542395693,3,fresh,perennial,low,unconsolidated,head
314,R4SBCx,258,315FRC,Franklin Creek at 7th Street,17595477,Franklin Creek,0.636986301,1,fresh,perennial,low,unconsolidated,head
315,R4SBCx,22,314DDE,Canal Trib to Santa Ynez River @ W Central Ave,17607779, ,0.333982473,3,fresh,perennial,low,unconsolidated,head
316,R4SBCx,171,GVWAT3,Atascadero Creek at Puente Drive,17595361,Atascadero Creek,0.689054726,2,fresh,perennial,low,unconsolidated,head
317,R4SBCx,407,315FRCMVD,Franklin Creek 300 feet below Meadow View Road,17595477,Franklin Creek,0.636986301,1,fresh,perennial,low,unconsolidated,head
318,R4SBCx,56,312ORN,Orcutt North Fork Tributary near sand plant,17624043, ,1,2,fresh,perennial,low,unconsolidated,head
319,R4SBCx,406,315FRCMVU,Franklin Creek 300 feet above Meadow View Road,17595477,Franklin Creek,0.636986301,1,fresh,perennial,low,unconsolidated,head
320,R4SBCx,162,310CHD,Chorro Creek below Chorro Creek Dam,8193595,Chorro Creek,0.148148148,2,fresh,perennial,low,unconsolidated,head
321,R4SBCx,4,306-CARNE-33A,"Carneros Creek- Sill Road, road flow",17604037,Elkhorn Slough,0.362396493,3,fresh,perennial,low,unconsolidated,head
322,R4SBCx,32,315FMV,Franklin Creek @ Mountain View Ln,17595477,Franklin Creek,0.636986301,1,fresh,perennial,low,unconsolidated,head
323,R4SBCx,2,306-CARNE-31,Carneros Creek at Johnson Road,17604037,Elkhorn Slough,0.362396493,3,fresh,perennial,low,unconsolidated,head
324,R4SBCx,43,310LBC,Los Berros Creek @ Century,8193043,Los Berros Creek,0.286565189,2,fresh,perennial,low,unconsolidated,head
325,R4SBCx,37,312GVS,Green Valley @ Simas Rd,17624125, ,1,1,fresh,perennial,low,unconsolidated,head
326,R4SBCx,12,309HRT,Alisal Creek @ Hartnell Rd dogleg,948060323,Alisal Creek,0.337157425,4,fresh,perennial,low,unconsolidated,medium
327,R4SBCx,46,312MAB,Main St Ditch @ Bonita School,17624027, ,1,1,fresh,perennial,low,unconsolidated,head
328,R4SBCx,252,310ARG,Arroyo Grande Creek at 22nd Street,8193683,Arroyo Grande Creek,0.227052596,4,fresh,perennial,low,unconsolidated,medium
329,R4SBCx,262,315MIS,Mission Creek at Montecito Street,17595453,Mission Creek,0.286407767,3,fresh,perennial,low,unconsolidated,head
330,R4SBCx,169,CMWSM01,Santa Monica Creek at Via Real,17595473,Santa Monica Creek,0.203655352,2,fresh,perennial,low,unconsolidated,head
331,R4SBCx,291,315ANN,Glenn Annie Creek at Los Carneros Road,17595369,Tecolotito Creek,0.367069486,2,fresh,perennial,low,unconsolidated,head
332,R4SBCx,301,315SJC,San Jose Creek @ Kellogg Boulevard,17595405,San Jose Creek,0.38138479,2,fresh,perennial,low,unconsolidated,head
333,R4SBCx,90,309RTA,Santa Rita Creek @ Santa Rita Creek Park,17605311, ,0.830860534,1,fresh,perennial,low,unconsolidated,head
334,R4SBCx,397,312GVT,Orcutt Creek at Brown Road,17624199, ,0.415266618,3,fresh,perennial,low,unconsolidated,head
335,R4SBCx,69,309QUA,Quail Creek at Potter Road crossing,948060078,Quail Creek,0.171224732,3,fresh,perennial,low,unconsolidated,head
336,R4SBCx,143,310TUR,Warden Creek @ Turi Road,8192647, ,0.476635514,2,fresh,perennial,low,unconsolidated,head
337,R4SBCx,370,315YSI,San Ysidro Creek @ Jamison Lane,17595443,San Ysidro Creek,0.171557562,2,fresh,perennial,low,unconsolidated,head
338,R4SBCx,304,315SMC,Santa Monica Creek @ Carpenteria Avenue,17595473,Santa Monica Creek,0.203655352,2,fresh,perennial,low,unconsolidated,head
339,R4SBCx,303,315SPC,San Pedro Creek above Holister Road,17595383,San Pedro Creek,0.542395693,3,fresh,perennial,low,unconsolidated,head
340,R4SBCx,168,CMWFK00,Franklin Creek at Carpinteria Ave.,17595477,Franklin Creek,0.636986301,1,fresh,perennial,low,unconsolidated,head
341,R4SBCx,180,GVWGA1,Glen Annie/Tecolotito Creek at Hollister Avenue,17595369,Tecolotito Creek,0.367069486,2,fresh,perennial,low,unconsolidated,head
342,R4SBCx,30,309ESP,Espinosa Slough upstream of Alisal Slough,17604361, ,0.921545667,2,fresh,perennial,low,unconsolidated,head
343,R4SBCx,86,305MVR,San Juan Creek @ Mission Vineyard Rd near Hwy 156,17663549, ,0.26119403,3,fresh,perennial,low,unconsolidated,head
344,R4SBCx,369,315MTC,Montecito Creek at Jamison Lane,17595449,Montecito Creek,0.149484536,2,fresh,perennial,low,unconsolidated,head
345,R4SBCx,60,312OSR,Oso Flaco Creek @ Hwy 1 and south RR trestle,17623815, ,1,NA,fresh,perennial,low,unconsolidated,medium
346,R4SBCx,55,312ORC,Orcutt Creek at sand plant above Santa Maria River,17624017, ,0.47510633,3,fresh,perennial,low,unconsolidated,head
347,R4SBJ,117,312WE1035,Sisquoc River ~0.2mi below Big Pine Canyon,17626489,Sisquoc River,0.001966568,4,fresh,perennial,low,unconsolidated,medium
348,R4SBJ,113,314WE0779,Coche Creek ~1mi above WF Santa Cruz Creek,17609583,Coche Creek,0,2,fresh,perennial,low,unconsolidated,head
349,R4SBJ,241,312DAVDAV,Davy Brown Creek below Munch Cyn.,17626357, ,0.006451613,3,fresh,perennial,low,unconsolidated,head
350,R4SBJ,110,314WE0796,Santa Cruz Creek WF ~3mi above Coche Creek,17609497, ,0,2,fresh,perennial,low,unconsolidated,head
351,R4USA,402,311SLN,Soda Lake North Tributary at Seven Mile Road,17657207, ,0.308536004,3,fresh,perennial,low,unconsolidated,head
352,R4USA,305,314SYP,Santa Ynez River at Paradise Road,17610671,Santa Ynez River,0.006744028,5,fresh,perennial,low,unconsolidated,medium
353,R4USA,332,305TRE,Tres Pinos Creek @ Southside Rd,17665547,Tres Pinos Creek,0.053614489,5,fresh,perennial,low,unconsolidated,medium
354,R4USA,94,314SYL,Santa Ynez River at Highway 246,948060325,Santa Ynez River,0.089390923,5,fresh,perennial,low,unconsolidated,medium
355,R4USA,396,312CCC,Cuyama River below Cottonwood Canyon,17633540,Cuyama River,0.040375256,5,fresh,perennial,low,unconsolidated,medium
356,R4USA,93,314SYI,Santa Ynez River at Highway 101,17607929,Santa Ynez River,0.05060456,5,fresh,perennial,low,unconsolidated,medium
357,R4USA,306,314SYC,Santa Ynez River d/s Lake Cachuma at Highway 154,17608051,Santa Ynez River,0.012921924,5,fresh,perennial,low,unconsolidated,medium
358,R4USC,321,305PAC,Pacheco Creek at San Felipe Road,17663037,Pacheco Creek,0.071969697,5,fresh,perennial,low,unconsolidated,medium
359,R4USC,287,312CAV,Cuyama River at Highway 33,17637968,Cuyama River,0.026122111,4,fresh,perennial,low,unconsolidated,medium
360,R4USC,265,315RIN,Rincon Creek at Bates Road,17596161,Rincon Creek,0.192509363,3,fresh,perennial,low,unconsolidated,head
361,R4USC,140,305CAW161,Uvas Creek ~0.4mi below Thomas Rd,17663007,Carnadero Creek,0.177942354,4,fresh,perennial,low,unconsolidated,medium
362,R4USJ,307,312SIV,Sisquoc River upstream Tepusquet at USGS gage,17625379,Sisquoc River,0.003614586,5,fresh,perennial,low,unconsolidated,medium
363,R4USJ,401,312SIS,Sisquoc River At Santa Maria Mesa Road,17625349,Sisquoc River,0.03302171,5,fresh,perennial,low,unconsolidated,medium
364,R4USJ,400,312SBC,Santa Maria River at Bull Canyon Road,17625465,Santa Maria River,0.042885137,6,fresh,perennial,low,unconsolidated,medium
