"","ATTRIBUTE","OBJECTID","station_co","station_na","COMID","GNIS_NAME","impact","stream_order","type","flow","slope","substrate"
"1","E1UBL",276,"304WAD","Waddell Creek Lagoon at Highway 1",17682686,"Waddell Creek",0.0322922181048174,4,"estuarine","perennial","low","unconsolidated"
"2","E1UBL",159,"310SYB","Los Osos Creek @ Turri Rd no littering sign",8193593,"Los Osos Creek",0.335351089588378,3,"estuarine","perennial","low","unconsolidated"
"3","E1UBL",380,"310PCO","Pico Creek @ Hwy 1",8190665,"Pico Creek",0.0468509984639017,3,"estuarine","perennial","low","unconsolidated"
"4","E1UBL",341,"309POT","Old Salinas River @ Potrero Rd",17605293,"Alisal Slough",0.526992672349335,5,"estuarine","perennial","low","unconsolidated"
"5","E1UBL",191,"GVWTC1","Tecolote Creek Lagoon",17596215," ",0.246621621621622,2,"estuarine","perennial","low","unconsolidated"
"6","E2EMPx",263,"305THU","Pajaro River at Thurwachter Bridge",17663449,"Pajaro River",0.174156628916723,6,"estuarine","perennial","low","vegetated"
"7","L2USC",403,"311SLE","Soda Lake northeast culvert @ Seven Mile Rd",17657193," ",0.0869565217391304,1,"fresh","perennial","low","unconsolidated"
"8","PEM/SSC",214,"309CLCBVC","Chalone Creek",8202351,"Chalone Creek",0.0406976744186047,4,"fresh","intermittent","low","vegetated"
"9","PEM/SSC",124,"309CAW178","Rattle Snake Creek ~0.4mi above Pinal Creek",8204221,"Rattlesnake Creek",0.00386100386100386,2,"fresh","intermittent","low","vegetated"
"10","PEM1A",123,"312CAW031","Cuyama River ~1mi NE Carrizo Canyon Creek",17633094,"Cuyama River",0.0385698355171452,5,"fresh","intermittent","low","vegetated"
"11","PEMA",29,"310SLD","Davenport Creek @ Broad St",8192817," ",0.868421052631579,1,"fresh","intermittent","low","vegetated"
"12","PEMC",337,"305HAR","Harkins Slough at Harkins Slough Road",17663267," ",0.492354740061162,1,"fresh","intermittent","low","vegetated"
"13","PEMCd",95,"305STL","Struve Slough at Lee Road",17663287," ",0.778656126482213,2,"fresh","intermittent","low","vegetated"
"14","PEMCx",26,"309SOS","Chualar Creek @ Old Stage Rd (south branch)",8201857," ",0.984210526315789,1,"fresh","intermittent","low","vegetated"
"15","PEMCx",28,"309SBC","Chualar Creek west side of Hwy 101 (south branch)",8201857," ",0.984210526315789,1,"fresh","intermittent","low","vegetated"
"16","PEMCx",40,"305LLA","Llagas Creek at Bloomfield Avenue",948060251,"Llagas Creek",0.576539589442815,4,"fresh","intermittent","low","vegetated"
"17","PEMCx",25,"309NOS","Chualar Creek @ Old Stage Rd (north branch)",8201853,"Chualar Creek",0.176081424936387,3,"fresh","intermittent","low","vegetated"
"18","PEMHx",85,"305SJA","San Juan Creek @ Anzar Rd",17663387," ",0.316549731737515,3,"fresh","intermittent","low","vegetated"
"19","PEMHx",87,"305PRR","San Juan Creek @ Prescott Rd",17663507," ",0.329242262540021,3,"fresh","intermittent","low","vegetated"
"20","PEMHx",325,"305SJN","San Juan Creek at Anzar Rd for RWB3 Site",17663387," ",0.316549731737515,3,"fresh","intermittent","low","vegetated"
"21","PFO/SSC",151,"310LVR","Los Osos Creek Los Osos Valley Rd.",8193607,"Los Osos Creek",0.232558139534884,2,"fresh","intermittent","low","vegetated"
"22","PFO/SSC",160,"310SBE","San Bernardo Creek @ Adobe Rd",8193579,"San Bernardo Creek",0.104704097116844,2,"fresh","intermittent","low","vegetated"
"23","PFO/SSC",163,"310CLK","Los Osos Creek Clark Valley Road",8192687,"Los Osos Creek",0.0788863109048724,2,"fresh","intermittent","low","vegetated"
"24","PFO/SSC",150,"310CLV","Los Osos Creek 1.0 mi downstream from 310CLK",8192687,"Los Osos Creek",0.0788863109048724,2,"fresh","intermittent","low","vegetated"
"25","PFO/SSC",164,"310MNO","San Bernardo Creek, Maino Ranch",8193579,"San Bernardo Creek",0.104704097116844,2,"fresh","intermittent","low","vegetated"
"26","PFO/SSC",111,"313WE0899","Shuman Creek Pt Sal Rd. ~1.4mi W Casmalia",17619942," ",0.115291262135922,3,"fresh","intermittent","low","vegetated"
"27","PFOA",233,"305SSCAUC","Swanson Creek above Uvas Cr.",17661281," ",0,1,"fresh","intermittent","low","vegetated"
"28","PFOA",23,"305CAN","Carnadero Creek upstream of Pajaro River",17663007,"Carnadero Creek",0.177942353883106,4,"fresh","intermittent","low","vegetated"
"29","PFOA",297,"315ROM","Romero Creek @ Jamison Lane",17595445,"Romero Creek",0.330241187384045,2,"fresh","intermittent","low","vegetated"
"30","PFOA",35,"315GBR","Glen Annie Creek @ Bishop Ranch Rd",17595253," ",0.266666666666667,1,"fresh","intermittent","low","vegetated"
"31","PFOA",201,"305PS0057","Pajaro River above Millers Canal",17662993,"Pajaro River",0.264122487787286,5,"fresh","intermittent","low","vegetated"
"32","PFOA",294,"315MIU","Mission Creek at Foothill Road",17595453,"Mission Creek",0.286407766990291,3,"fresh","intermittent","low","vegetated"
"33","PFOA",340,"305PES","Pescadero Creek NE of Chittendon @ RR tracks",17663279,"Pescadero Creek",0.058252427184466,3,"fresh","intermittent","low","vegetated"
"34","PFOA",121,"307CAW135","Carmel River CAW135",17599293,"Carmel River",0.073287037037037,5,"fresh","intermittent","low","vegetated"
"35","PFOA",63,"305CHI","Pajaro River at Chittenden Gap",17663281,"Pajaro River",0.156373823015636,6,"fresh","intermittent","low","vegetated"
"36","PFOA",333,"305UVA","Uvas Creek at Bloomfield Avenue",17663007,"Carnadero Creek",0.177942353883106,4,"fresh","intermittent","low","vegetated"
"37","PFOA",80,"305COR","Salsipuedes Creek downstream of Corralitos Creek",17663255,"Salsipuedes Creek",0.466451292246521,4,"fresh","intermittent","low","vegetated"
"38","PFOA",336,"305CAR","Carnadero Creek at Private property access",17663007,"Carnadero Creek",0.177942353883106,4,"fresh","intermittent","low","vegetated"
"39","PFOA",322,"305PAJ","Pajaro River at Betabel Road",17663291,"Pajaro River",0.267595929616282,5,"fresh","intermittent","low","vegetated"
"40","PFOC",373,"310AGF","Arroyo Grande at Fair Oaks Bridge",8193021,"Arroyo Grande Creek",0.185457163426926,4,"fresh","intermittent","low","vegetated"
"41","PFOC",173,"GVWBL2","Bell Creek at San Miguel Open Space",17595359," ",0.338632750397456,2,"fresh","intermittent","low","vegetated"
"42","PFOC",44,"315LCC","Los Carneros Creek at Calle Real",17595367," ",0.317333333333333,2,"fresh","intermittent","low","vegetated"
"43","PFOC",51,"309NAD","Natividad Creek upstream from Salinas Reclamation Canal",17604451,"Natividad Creek",0.326192794547225,3,"fresh","intermittent","low","vegetated"
"44","PFOC",249,"315ABU","Arroyo Burro at Cliff Drive",17595459,"Arroyo Burro",0.3825,2,"fresh","intermittent","low","vegetated"
"45","PFOC",18,"315BEF","Bell Creek @ Winchester Canyon Park",17595359," ",0.338632750397456,2,"fresh","intermittent","low","vegetated"
"46","PFOC",165,"310LSL","San Luisito Creek Lower",8192577,"San Luisito Creek",0.0411764705882353,2,"fresh","intermittent","low","vegetated"
"47","PFOC",182,"GVWLC2","Los Carneros Creek at Calle Rea",17595367," ",0.317333333333333,2,"fresh","intermittent","low","vegetated"
"48","PFOC",176,"GVWDV24","El Encanto Creek (Phelps Ditch) at Padova Park",17595413," ",0.926666666666667,1,"fresh","intermittent","low","vegetated"
"49","PFOC",132,"305CAW097","Bodfish Creek ~0.45mi below Whitehurst Rd.",17661653,"Bodfish Creek",0.0693391115926327,3,"fresh","intermittent","low","vegetated"
"50","PFOC",116,"304WE1096","Scott Creek ~0.7mi above Mill Creek",17682688,"Scott Creek",0.0496350364963504,2,"fresh","intermittent","low","vegetated"
"51","PFOC",271,"304SVC","San Vicente Creek at the gate at the end of San Vicente Creek Road",17682526,"San Vicente Creek",0.014475271411339,2,"fresh","intermittent","low","vegetated"
"52","PFOC",184,"GVWMY2","Maria Ygnacio at Old San Marcos Road",17596111,"Maria Ygnacio Creek",0.219709208400646,2,"fresh","intermittent","low","vegetated"
"53","PFOC",268,"313SAC","San Antonio Creek at VAFB RR bridge",17620018,"San Antonio Creek",0.307290640394089,4,"fresh","intermittent","low","vegetated"
"54","PFOC",206,"304PS0194","East Waddell Creek ~0.7mi below Opal Cr.",17682654,"East Waddell Creek",0.0257309941520468,3,"fresh","intermittent","low","vegetated"
"55","PFOC",129,"304CAW016","San Vicente Creek at Davenport",17682536,"San Vicente Creek",0.0273396424815983,2,"fresh","intermittent","low","vegetated"
"56","PFOC",188,"GVWSP3","San Pedro Creek at Cathedral Oaks Road",17596097,"San Pedro Creek",0.459905660377358,2,"fresh","intermittent","low","vegetated"
"57","PFOC",192,"GVWDV25","Tributary of El Encanto Creek (Phelps Ditch) at Evergreen Frisbee Course",17595413," ",0.926666666666667,1,"fresh","intermittent","low","vegetated"
"58","PFOC",289,"315DOS","Dos Pueblos Canyon Creek at Highway 101",17595317," ",0.142292490118577,3,"fresh","intermittent","low","vegetated"
"59","PFOC",103,"NAT-LAS","Natividad Creek at Las Casitas Drive",17604471,"Natividad Creek",0.399305555555556,3,"fresh","intermittent","low","vegetated"
"60","PFOC",319,"305OAK","Llagas Creek @ Oak Glen Avenue",17661097,"Llagas Creek",0.212100611828688,3,"fresh","intermittent","low","vegetated"
"61","PFOC",181,"GVWLV1","Las Vegas Creek at La Goleta Road",17595351,"Las Vegas Creek",0.607773851590106,2,"fresh","intermittent","low","vegetated"
"62","PFOC",66,"310PRE","Prefumo Creek  @ Calle Joaquin",8193639,"Prefumo Creek",0.365510777881912,2,"fresh","intermittent","low","vegetated"
"63","PFOC",14,"310USG","Arroyo Grande Creek @ old USGS gage",8193677,"Arroyo Grande Creek",0.151071373516263,4,"fresh","intermittent","low","vegetated"
"64","PFOCh",320,"305CHE","Llagas Creek @ Chesbro Reservoir",17661049,"Llagas Creek",0.218323586744639,3,"fresh","intermittent","low","vegetated"
"65","PFOJ",50,"314MCM","Miguelito Creek mouth @ treatment plant",17607917,"San Miguelito Creek",0.286772486772487,2,"fresh","intermittent","low","vegetated"
"66","PFOS",274,"304SOK","Soquel Creek at Knob Hill Parking Lot",17684378,"Soquel Creek",0.125,3,"fresh","intermittent","low","vegetated"
"67","PSS/FOCx",98,"310WRP","Warden Creek @ Wetlands Restoration Preserve",8192635," ",0.452926208651399,3,"fresh","intermittent","low","vegetated"
"68","PSS/USA",408,"305CCUSGS","Clear Creek at USGS gauge and Oak Flat Camp",17673639,"Clear Creek",0.0763612217795485,3,"fresh","intermittent","low","vegetated"
"69","PSSA",278,"312ALA","Alamo Creek at Alamo Creek Road",17632516,"Alamo Creek",0.0440296380735252,4,"fresh","intermittent","low","vegetated"
"70","PSSA",229,"312RYCALR","Reyes Creek ~2.7mi above Lockwood Valley Rd.",17637988,"Reyes Creek",0.00924214417744917,2,"fresh","intermittent","low","vegetated"
"71","PSSA",149,"310DAM","Dairy Creek within Cattle exclosure",8192615,"Dairy Creek",0.208163265306122,1,"fresh","intermittent","low","vegetated"
"72","PSSA",92,"314SYF","Santa Ynez River at Floradale Rd",948060202,"Santa Ynez River",0.101355696756103,5,"fresh","intermittent","low","vegetated"
"73","PSSA",349,"309KNG","Salinas River @ Hwy 101 in King City",948060164,"Salinas River",0.121039553580515,6,"fresh","intermittent","low","vegetated"
"74","PSSAx",155,"310SLU","San Luisito Creek @ Adobe Rd",8192585,"San Luisito Creek",0.112637362637363,2,"fresh","intermittent","low","vegetated"
"75","PSSC",158,"310DAL","Dairy Creek lower limit",8192615,"Dairy Creek",0.208163265306122,1,"fresh","intermittent","low","vegetated"
"76","PSSC",286,"315RSB","Canada del Refugio above Highway 101",17594785," ",0.199602780536246,3,"fresh","intermittent","low","vegetated"
"77","PSSCx",156,"310UWR","Warden Creek 1.5 mi upstream from Turri Rd",8193609," ",0.469072164948454,2,"fresh","intermittent","low","vegetated"
"78","PSSCx",84,"305ACR","San Juan creek @ 1st St and Christopher Ranch",17663513," ",0.180929095354523,2,"fresh","intermittent","low","vegetated"
"79","PSSCx",65,"305PJP","Pajaro River at Porter/Main",17665505,"Pajaro River",0.173875120307988,6,"fresh","intermittent","low","vegetated"
"80","PUBF",216,"305LGCACR","Laguna Creek",17671963,"Laguna Creek",0.0132013201320132,2,"fresh","intermittent","low","unconsolidated"
"81","PUBFx",68,"309UQA","Quail Creek @ Old Stage Rd",8201815,"Quail Creek",0.131464174454829,3,"fresh","intermittent","low","unconsolidated"
"82","PUSAx",339,"305LEA","Llagas Creek at Leavesley Road",17661631,"Llagas Creek",0.498759818106656,4,"fresh","intermittent","low","unconsolidated"
"83","PUSCx",398,"312CUT","Cuyama River below Twitchell @ White Rock Lane",17635028,"Cuyama River",0.0453907489524429,5,"fresh","intermittent","low","unconsolidated"
"84","R1UBV",389,"310SCP","San Carpoforo Creek @ Hwy 1",8190321,"San Carpoforo Creek",0.0102903344358692,3,"fresh","perennial","low","unconsolidated"
"85","R1UBV",96,"309TEH","Tembladero Slough @ Haro",17605297," ",0.448327333391869,3,"fresh","perennial","low","unconsolidated"
"86","R1UBV",405,"309SALDDM","Salinas River downstream of Blanco Drain (100 feet below the inflatable dam)",8201803,"Salinas River",0.126651820882085,6,"fresh","perennial","low","unconsolidated"
"87","R1UBV",52,"309OLD","Old Salinas River at Monterey Dunes Way",17604291,"Old Salinas River",0.519600366076876,5,"fresh","perennial","low","unconsolidated"
"88","R1UBV",88,"312SMA","Santa Maria River above Estuary",17623995,"Santa Maria River",0.0620349653988241,6,"fresh","perennial","low","unconsolidated"
"89","R1UBV",355,"309TEM","Tembladero Slough @ Preston Rd",17605297," ",0.448327333391869,3,"fresh","perennial","low","unconsolidated"
"90","R1UBV",275,"304SOQ","Soquel Creek Lagoon at RR Trussels",17684380,"Soquel Creek",0.151006711409396,3,"fresh","perennial","low","unconsolidated"
"91","R1UBV",298,"309SBR","Salinas River @ Hwy 1",8201913,"Salinas River",0.127771120431396,6,"fresh","perennial","low","unconsolidated"
"92","R1UBV",147,"310TWB","Chorro Creek at South Bay Boulevard",8193581,"Chorro Creek",0.207668711656442,3,"fresh","perennial","low","unconsolidated"
"93","R2ABHx",38,"312OFN","Little Oso Flaco Creek @ railroad trestles",17621903," ",0.603960396039604,NA,"fresh","perennial","low","vegetated"
"94","R2UBF",253,"315ATA","Atascadero Creek at Ward Drive",17595429,"Atascadero Creek",0.411854879918242,3,"fresh","perennial","low","unconsolidated"
"95","R2UBF",172,"GVWAT1","Atascadero Creek at Ward",17595429,"Atascadero Creek",0.411854879918242,3,"fresh","perennial","low","unconsolidated"
"96","R2UBFx",392,"310VIA","Villa Creek upstream Hwy 1",8192479,"Villa Creek",0.187669990933817,3,"fresh","perennial","low","unconsolidated"
"97","R2UBG",346,"309NAC","Nacimiento River at Highway 101",8212739," ",0.0378945069345856,5,"fresh","perennial","low","unconsolidated"
"98","R2UBG",76,"309USA","Salinas River At Bradley Bridge",8211471,"Salinas River",0.110273264888869,6,"fresh","perennial","low","unconsolidated"
"99","R2UBG",200,"309PS0043","Nacimiento River ~2.5mi above Avery Rd.",8212889," ",0.034253499222395,5,"fresh","perennial","low","unconsolidated"
"100","R2UBH",81,"313SAE","San Antonio Creek at San Antonio Road East",17620568,"San Antonio Creek",0.32466002784024,4,"fresh","perennial","low","unconsolidated"
"101","R2UBH",269,"310SLB","San Luis Obispo Creek at San Luis Bay Drive",8192913,"San Luis Obispo Creek",0.428518926865123,3,"fresh","perennial","low","unconsolidated"
"102","R2UBH",256,"307CML","Carmel River at Highway 1",17600111,"Carmel River",0.0701983055581417,5,"fresh","perennial","low","unconsolidated"
"103","R2UBH",145,"310CER","Chorro Creek above Ecological Reserve, ~0.3mi above San Luisito Creek",8192599,"Chorro Creek",0.271021992238034,2,"fresh","perennial","low","unconsolidated"
"104","R2UBH",112,"314WE0785","Unnamed Creek ~0.2mi SE Santa Ynez River",17607779," ",0.33398247322298,3,"fresh","perennial","low","unconsolidated"
"105","R2UBH",10,"307-CARME-36","Carmel River at Schulte Road MBNMS",17600113,"Carmel River",0.0623482567738176,5,"fresh","perennial","low","unconsolidated"
"106","R2UBH",8,"307-CARME-38","Carmel River at Hwy 1 MBNMS",17600111,"Carmel River",0.0701983055581417,5,"fresh","perennial","low","unconsolidated"
"107","R2UBH",144,"310UCR","Chorro Creek @ upper Chorro Creek Ecological Reserve",8192613,"Chorro Creek",0.293937068303914,2,"fresh","perennial","low","unconsolidated"
"108","R2UBH",6,"307-CARME-366","Carmel River @ Schulte Road - upstream",17600113,"Carmel River",0.0623482567738176,5,"fresh","perennial","low","unconsolidated"
"109","R2UBH",267,"313SAI","San Antonio Creek at San Antonio Rd West",17620568,"San Antonio Creek",0.32466002784024,4,"fresh","perennial","low","unconsolidated"
"110","R2UBH",227,"310OLD","Old Creek at Cottontail Creek Road County Access Gate",8193557,"Old Creek",0.12375533428165,2,"fresh","perennial","low","unconsolidated"
"111","R2UBH",270,"310SSC","San Simeon Creek at State Park foot bridge",8190709,"San Simeon Creek",0.108645753634277,4,"fresh","perennial","low","unconsolidated"
"112","R2UBH",91,"314SYN","Santa Ynez River at 13th Street",17608943,"Santa Ynez River",0.107709750566893,5,"fresh","perennial","low","unconsolidated"
"113","R2UBH",11,"310CCC","Chorro Creek upstream from Chorro Flats",8192587,"Chorro Creek",0.206829896907216,3,"fresh","perennial","low","unconsolidated"
"114","R2UBH",395,"310MOR","Morro Creek @ Lila Kaiser Park",8192559,"Morro Creek",0.315789473684211,2,"fresh","perennial","low","unconsolidated"
"115","R2UBH",89,"312SMI","Santa Maria River at Highway 1",17625463,"Santa Maria River",0.0510522969853113,6,"fresh","perennial","low","unconsolidated"
"116","R2UBH",122,"310CAW176","Chorro Creek ~3.5mi above San Luisito Creek",8192613,"Chorro Creek",0.293937068303914,2,"fresh","perennial","low","unconsolidated"
"117","R2UBH",387,"307CMD","Carmel River @ Schulte Rd",17600113,"Carmel River",0.0623482567738176,5,"fresh","perennial","low","unconsolidated"
"118","R2UBH",157,"310CAN","Chorro Creek at Canet Road",8192599,"Chorro Creek",0.271021992238034,2,"fresh","perennial","low","unconsolidated"
"119","R2UBHx",72,"309JON","Salinas Reclamation Canal @ San Jon Rd",17604479,"Alisal Slough",0.365620429744628,5,"fresh","perennial","low","unconsolidated"
"120","R2UBHx",5,"306-CORNC-31","Corn Cob Canyon Creek/Watsonville Creek",17604009," ",0.807909604519774,1,"fresh","perennial","low","unconsolidated"
"121","R2UBHx",19,"309BLA","Blanco Drain below Pump",8201803,"Salinas River",0.126651820882085,6,"fresh","perennial","low","unconsolidated"
"122","R2UBHx",348,"309ALU","Salinas Reclamation Canal at Airport Rd",17604551,"Alisal Creek",0.385954558866922,4,"fresh","perennial","low","unconsolidated"
"123","R2UBHx",13,"309ASB","Alisal Slough @ White Barn",17604415," ",0.994301994301994,2,"fresh","perennial","low","unconsolidated"
"124","R2UBHx",71,"309ALG","Salinas Reclamation Canal @ La Guardia",17604551,"Alisal Creek",0.385954558866922,4,"fresh","perennial","low","unconsolidated"
"125","R2UBHx",45,"315LCR","Los Carneros Creek at Hollister Road",17595367," ",0.317333333333333,2,"fresh","perennial","low","unconsolidated"
"126","R2UBHx",34,"309GAB","Gabilan Creek @ Independence Rd and East Boranda Rd",17604473,"Gabilan Creek",0.21613436123348,4,"fresh","perennial","low","unconsolidated"
"127","R2UBHx",62,"312OFC","Oso Flaco Creek at Oso Flaco Lake Road",17621947," ",0.742268041237113,NA,"fresh","perennial","low","unconsolidated"
"128","R2UBHx",61,"312USC","Oso Flaco Creek @ Oso Flaco Lake Rd upstream creek confluence",17621947," ",0.742268041237113,NA,"fresh","perennial","low","unconsolidated"
"129","R2UBHx",178,"GVWDV20","El Encanto Creek at Devereux Slough",17595433," ",0.711711711711712,2,"fresh","perennial","low","unconsolidated"
"130","R2UBHx",1,"306-CARNE-36","Carneros Creek at Blohm Road",17605277,"Elkhorn Slough",0.377981651376147,3,"fresh","perennial","low","unconsolidated"
"131","R2UBHx",104,"309ALD","Salinas Reclamation Canal @ Boranda Rd",17604479,"Alisal Slough",0.365620429744628,5,"fresh","perennial","low","unconsolidated"
"132","R2UBHx",356,"306WAC","Watsonville Creek @ Elkhorn Rd",17604009," ",0.807909604519774,1,"fresh","perennial","low","unconsolidated"
"133","R2UBHx",102,"GAB-VET","Gabilan Creek at Veteran's Park",17604473,"Gabilan Creek",0.21613436123348,4,"fresh","perennial","low","unconsolidated"
"134","R2UBHx",183,"GVWLC1","Los Carneros Creek at Hollister",17595367," ",0.317333333333333,2,"fresh","perennial","low","unconsolidated"
"135","R2UBHx",49,"309MER","Merrit Ditch upstream from Hwy 183",17604339," ",0.720575414123801,3,"fresh","perennial","low","unconsolidated"
"136","R2UBHx",360,"309AXX","Salinas Reclamation Canal Storm Drain @ Airport Rd",17604551,"Alisal Creek",0.385954558866922,4,"fresh","perennial","low","unconsolidated"
"137","R2UBHx",73,"309AVR","Salinas Reclamation Canal @ Victor Rd",17604495,"Alisal Slough",0.338963171475487,5,"fresh","perennial","low","unconsolidated"
"138","R2UBHx",99,"305WCS","Watsonville Creek (aka Corncob Canyon) at Elkhorn Rd/Hudson Lndg",17604009," ",0.807909604519774,1,"fresh","perennial","low","unconsolidated"
"139","R2UBHx",344,"306CAR","Carneros Creek in Los Lomas @ Blohm Rd",17604029,"Elkhorn Slough",0.373549883990719,3,"fresh","perennial","low","unconsolidated"
"140","R2USA",195,"305PS0034","Pajaro River",17663227,"Pajaro River",0.160579092768721,6,"fresh","perennial","low","unconsolidated"
"141","R2USC",323,"305MUR","Pajaro River at Murphy's Crossing",17665507,"Pajaro River",0.159466086111052,6,"fresh","perennial","low","unconsolidated"
"142","R3UBF",225,"312MZCDBC","Manzana Creek ~0.5mi above Davy Brown Creek",17626881,"Manzana Creek",0.00166223404255319,4,"fresh","perennial","high","unconsolidated"
"143","R3UBF",246,"312SQRABP","Sisquoc River ~2.3 mi above Big Pine Cyn.",17626569,"Sisquoc River",0.0114942528735632,2,"fresh","perennial","high","unconsolidated"
"144","R3UBF",342,"309SEC","Arroyo Seco River @ Elm St",8205291,"Arroyo Seco",0.0378375799217483,5,"fresh","perennial","high","unconsolidated"
"145","R3UBF",345,"317CHO","Cholame Creek At Bitterwater Road",17647963,"Cholame Creek",0.0668482955678118,5,"fresh","perennial","high","unconsolidated"
"146","R3UBF",358,"317CHO2","Cholame Creek 500m Downstream of Bitterwater Rd.",17648071,"Cholame Creek",0.0731970543423057,5,"fresh","perennial","high","unconsolidated"
"147","R3UBF",118,"312WE1028","Sisquoc River ~0.8mi below Rattlesnake Canyon",17626437,"Sisquoc River",0.00277874261896492,4,"fresh","perennial","high","unconsolidated"
"148","R3UBF",120,"309CAW009","Arroyo Seco Creek ~0.6mi above Piney Cr.",8203299,"Arroyo Seco",0.0164777597866463,4,"fresh","perennial","high","unconsolidated"
"149","R3UBF",361,"309LOR","San Lorenzo Creek @ Bitterwater Rd east of King City",8205487,"San Lorenzo Creek",0.123021210553544,5,"fresh","perennial","high","unconsolidated"
"150","R3UBF",343,"309ATS","Atascadero Creek Highway 41",8213339,"Atascadero Creek",0.304314912944739,3,"fresh","perennial","high","unconsolidated"
"151","R3UBF",285,"315GAI","Canada de la Gaviota at Highway 1",17593463," ",0.0769230769230769,3,"fresh","perennial","high","unconsolidated"
"152","R3UBF",232,"304SPC236","Sempervirens Creek above Hwy 236",17682218,"Sempervirens Creek",0.03,2,"fresh","perennial","high","unconsolidated"
"153","R3UBF",202,"312PS0099","Manzana Creek ~1.1mi below Davy Brown Cr.",17626291,"Manzana Creek",0.00238600212089077,4,"fresh","perennial","high","unconsolidated"
"154","R3UBF",382,"310SLC","San Luis Creek at Cuesta Park",8192659,"San Luis Obispo Creek",0.160919540229885,3,"fresh","perennial","high","unconsolidated"
"155","R3UBH",281,"315BEL","Bell Ck on Bacara Resort Access Road",17595359," ",0.338632750397456,2,"fresh","perennial","high","unconsolidated"
"156","R3UBH",108,"305WE0883","Little Arthur Creek ~1mi W Redwood Retreat Rd.",17661455,"Little Arthur Creek",0.0625,1,"fresh","perennial","high","unconsolidated"
"157","R3UBH",136,"304CAW153","Scott Creek ~4mi below Little Basin",17682680,"Scott Creek",0.0124688279301746,2,"fresh","perennial","high","unconsolidated"
"158","R3UBH",272,"310SRO","Santa Rosa Ck at Moonstone Beach Drive",8191209,"Santa Rosa Creek",0.17813670411985,4,"fresh","perennial","high","unconsolidated"
"159","R3UBH",328,"304SL9","San Lorenzo River at Highway 9",17682384,"Love Creek",0.220472440944882,2,"fresh","perennial","high","unconsolidated"
"160","R3UBH",242,"308LILPAL","Little Sur River ~1.7mi above Skinner Cr.",8188755,"Little Sur River",0.00295712173484475,4,"fresh","perennial","high","unconsolidated"
"161","R3UBH",240,"309LAS1MI","Arroyo Seco Creek ~1.1mi below Tassajara Cr.",8203439,"Arroyo Seco",0.00807102502017756,4,"fresh","perennial","high","unconsolidated"
"162","R3UBH",7,"307-CARME-31","Carmel River at Cachuaga Community Center",17600733,"Carmel River",0.00120889748549323,4,"fresh","perennial","high","unconsolidated"
"163","R3UBH",134,"308CAW055","Garrapata Creek ~0.2mi below Joshua Creek",8188693,"Garrapata Creek",0.0316027088036117,3,"fresh","perennial","high","unconsolidated"
"164","R3UBH",219,"310LPCBPC","Lopez Canyon Creek ~0.5mi below Potrero Cr.",8192731," ",0.00443786982248521,2,"fresh","perennial","high","unconsolidated"
"165","R3UBH",213,"309ARCBRC","Arroyo Seco below Rocky Creek",8203373,"Arroyo Seco",0.00831964969896004,4,"fresh","perennial","high","unconsolidated"
"166","R3UBH",326,"304SLB","San Lorenzo River at Big Trees Road",17682474,"San Lorenzo River",0.123164260150562,4,"fresh","perennial","high","unconsolidated"
"167","R3UBH",245,"308WER325","Little Sur River above Skinner Creek",8188799,"Little Sur River",0.000555555555555556,4,"fresh","perennial","high","unconsolidated"
"168","R3UBH",224,"305LGCBRC","Llagas Creek above Baldy Ryan Cyn. Cr.",17661007,"Llagas Creek",0.206378986866792,3,"fresh","perennial","high","unconsolidated"
"169","R3UBH",9,"307-CARME-33","Carmel River at Rosie's Bridge",17600475,"Carmel River",0.0340324724100075,5,"fresh","perennial","high","unconsolidated"
"170","R3UBH",239,"310SSU","San Simeon Creek at San Simeon Creek Road",8190679,"San Simeon Creek",0.058852140077821,4,"fresh","perennial","high","unconsolidated"
"171","R3UBH",375,"307CMN","Carmel River @ Nason Rd Community Park",17600733,"Carmel River",0.00120889748549323,4,"fresh","perennial","high","unconsolidated"
"172","R3UBH",335,"304ZAY","Zayante Creek at Graham Hill Road",17682470,"Zayante Creek",0.217151454363089,3,"fresh","perennial","high","unconsolidated"
"173","R3UBH",254,"308BSR","Big Sur River at Andrew Molera foot bridge",8188861,"Big Sur River",0.0377083333333333,4,"fresh","perennial","high","unconsolidated"
"174","R3UBH",148,"310COO","Coon Creek at Pecho Valley Road",8193645,"Coon Creek",0.0165837479270315,2,"fresh","perennial","high","unconsolidated"
"175","R3UBH",378,"308LIM","Limekiln Creek @ Limekiln State Park",8189197,"Limekiln Creek",0.00894187779433681,3,"fresh","perennial","high","unconsolidated"
"176","R3UBH",230,"308SAM","Salmon Creek upstream Hwy 1",8191147,"Salmon Creek",0.0241545893719807,2,"fresh","perennial","high","unconsolidated"
"177","R3UBH",313,"304BEP","Bear Creek at Elks Park",17682316,"Bear Creek",0.0501342882721576,3,"fresh","perennial","high","unconsolidated"
"178","R3UBH",314,"304BH9","Boulder Creek at Highway 9",17682322,"Boulder Creek",0.101580135440181,2,"fresh","perennial","high","unconsolidated"
"179","R3UBH",193,"307PS0028","Carmel River",17600701,"Carmel River",0.0187830390282308,5,"fresh","perennial","high","unconsolidated"
"180","R3UBH",277,"308WLO","Willow Creek at Highway 1",8190201,"Willow Creek",0.0123636363636364,3,"fresh","perennial","high","unconsolidated"
"181","R3UBH",237,"308BGC","Big Creek at Highway 1",8189139,"Big Creek",0.00871459694989107,3,"fresh","perennial","high","unconsolidated"
"182","R3UBH",264,"310PIS","Pismo Creek above Highway 101, Frady Lane Bridge",8192993,"Pismo Creek",0.324685234643266,3,"fresh","perennial","high","unconsolidated"
"183","R3UBH",198,"307PS0044","Carmel River ~0.5mi below Paso Del Rio Rd.",17599355,"Carmel River",0.0460588793922127,5,"fresh","perennial","high","unconsolidated"
"184","R3UBH",238,"308LSRASC","Little Sur River ~0.4mi above Skinner Cr.",8188811,"Little Sur River",0,4,"fresh","perennial","high","unconsolidated"
"185","R3UBH",131,"309CAW126","Tassajara Creek ~0.3mi above Tassajara Hot Springs",8203401,"Tassajara Creek",0.00286327845382963,3,"fresh","perennial","high","unconsolidated"
"186","R3UBH",212,"307CE0094","San Clemente Creek ~1.3mi above Black Rock Creek",17601605,"San Clemente Creek",0.00909090909090909,2,"fresh","perennial","high","unconsolidated"
"187","R3UBH",390,"310TCC","Toro Creek at Toro Creek Canyon Road Bridge",8192531,"Toro Creek",0.187782805429864,2,"fresh","perennial","high","unconsolidated"
"188","R3UBH",393,"308LSU","Little Sur River @ Old Coast Rd",8188841,"South Fork Little Sur River",0.00564971751412429,2,"fresh","perennial","high","unconsolidated"
"189","R3UBH",244,"309SED071","Tassajara Creek - Horse Pasture Trail 71",8203477,"Tassajara Creek",0.0167076167076167,3,"fresh","perennial","high","unconsolidated"
"190","R3UBH",299,"314SAL","Salsipuedes Creek @ Santa Rosa Rd",17607969,"Salsipuedes Creek",0.190580105473723,4,"fresh","perennial","high","unconsolidated"
"191","R3UBH",327,"304RIV","San Lorenzo River at Crossing Street",17684066,"San Lorenzo River",0.129205921938089,4,"fresh","perennial","high","unconsolidated"
"192","R3UBH",166,"310USL","San Luisito Creek Upper",8193577,"San Luisito Creek",0.0305676855895196,2,"fresh","perennial","high","unconsolidated"
"193","R3UBH",208,"308PS0204","Big Sur River ~1mi above Pfeiffer Redwood Cr.",8188943,"Big Sur River",0.0286116322701689,4,"fresh","perennial","high","unconsolidated"
"194","R3UBH",235,"304WDCAH1","Waddell Creek ~1.8mi above Hwy 1",17682686,"Waddell Creek",0.0322922181048174,4,"fresh","perennial","high","unconsolidated"
"195","R3UBH",236,"309WLCATC","Willow Creek ~0.3mi above Trassajara Cr.",8203489,"Willow Creek",0.0505836575875486,2,"fresh","perennial","high","unconsolidated"
"196","R3UBH",130,"304CAW081","Soquel Creek ~0.2mi above Laurel Glen Rd.",17683352,"Soquel Creek",0.0687022900763359,3,"fresh","perennial","high","unconsolidated"
"197","R3UBH",210,"304PS0274","Zayante Creek above Grahm Hill Rd",17682470,"Zayante Creek",0.217151454363089,3,"fresh","perennial","high","unconsolidated"
"198","R3UBH",290,"315CAP","El Capitan Creek below Highway 101",17594801,"El Capitan Creek",0.062874251497006,2,"fresh","perennial","high","unconsolidated"
"199","R3UBH",309,"315TCI","Tecolote Creek @ Bacara Resort access Road",17595353," ",0.248722316865417,2,"fresh","perennial","high","unconsolidated"
"200","R3UBH",374,"310AGS","Arroyo Grande Creek @ Strother Park",8193677,"Arroyo Grande Creek",0.151071373516263,4,"fresh","perennial","high","unconsolidated"
"201","R3UBH",255,"315GAV","Canada de la Gaviota at State Park entrance",17594763," ",0.129737609329446,3,"fresh","perennial","high","unconsolidated"
"202","R3UBH",377,"308GAR","Garrapata Creek at Private Property access (above Highway 1)",8188693,"Garrapata Creek",0.0316027088036117,3,"fresh","perennial","high","unconsolidated"
"203","R3UBH",243,"308ROCBBQ","Rocky Creek ~1.7mi above Hwy 1",8188719,"Rocky Creek",0.0177514792899408,2,"fresh","perennial","high","unconsolidated"
"204","R3UBH",259,"304GAZ","Gazos Creek Lagoon at Highway 1",17682228,"Gazos Creek",0.0281030444964871,2,"fresh","perennial","high","unconsolidated"
"205","R3UBH",261,"308LSR","Little Sur River @ Hwy 1",8188795,"Little Sur River",0.00531286894923259,4,"fresh","perennial","high","unconsolidated"
"206","R3UBH",383,"310SLV","San Luis Obispo Ck at Los Osos Valley Road",8192773,"San Luis Obispo Creek",0.384864864864865,3,"fresh","perennial","high","unconsolidated"
"207","R3UBH",16,"315APC","Arroyo Paredon Creek at Via Real",17595455,"Arroyo Paredon",0.119191919191919,2,"fresh","perennial","high","unconsolidated"
"208","R3UBH",372,"310AGB","Arroyo Grande at Bittle Park",8193667,"Arroyo Grande Creek",0.0399269906456765,4,"fresh","perennial","high","unconsolidated"
"209","R3UBH",223,"307CMRADC","Carmel River above Danish Cr.",17601657,"Carmel River",0.000772598506309554,4,"fresh","perennial","high","unconsolidated"
"210","R3UBH",222,"308BSU","Big Sur River at Peiffer Big Sur State Park USGS gauge",8189809,"Big Sur River",0.0119228817858955,4,"fresh","perennial","high","unconsolidated"
"211","R3UBH",311,"304APS","Aptos Creek at Nisene Marks Park Road",17683402,"Aptos Creek",0.0247218788627936,2,"fresh","perennial","high","unconsolidated"
"212","R3UBH",391,"310TOR","Toro Creek upstream Hwy 1",8192531,"Toro Creek",0.187782805429864,2,"fresh","perennial","high","unconsolidated"
"213","R3UBH",388,"310CAY","Cayucos Creek @ Cayucos Creek Rd",8193565,"Cayucos Creek",0.237575757575758,2,"fresh","perennial","high","unconsolidated"
"214","R3UBH",228,"308PWCAH1","Prewitt Creek above Hwy 1",8190141,"Prewitt Creek",0,3,"fresh","perennial","high","unconsolidated"
"215","R3UBH",273,"304SCM","Scott Creek upstream Big Creek residences",17682682,"Scott Creek",0.0306603773584906,2,"fresh","perennial","high","unconsolidated"
"216","R3UBH",234,"305UVCASC","Uvas Creek above Swanson Cyn. Cr.",17661237,"Uvas Creek",0.01171875,2,"fresh","perennial","high","unconsolidated"
"217","R3UBH",190,"GVWTC2","Tecolote Creek at Vereda del Padre",17595353," ",0.248722316865417,2,"fresh","perennial","high","unconsolidated"
"218","R3UBH",218,"309SDCMCC","Sandy Creek",8202263," ",0.0891803278688525,3,"fresh","perennial","high","unconsolidated"
"219","R3UBH",371,"310SCN","Stenner Creek at Nipomo Street",8192711," ",0.482758620689655,2,"fresh","perennial","high","unconsolidated"
"220","R3UBH",364,"309NAF","Nacimiento River above Ponderosa campground",8204525,"Nacimiento River",0.0284191829484902,2,"fresh","perennial","high","unconsolidated"
"221","R3UBH",194,"304PS0018","Lompico Creek",17682662,"Lompico Creek",0.306122448979592,1,"fresh","perennial","high","unconsolidated"
"222","R3UBH",209,"304PS0253","San Lorenzo River ~0.4mi above McGaffigan Rd.",17682178,"San Lorenzo River",0.0491493383742911,2,"fresh","perennial","high","unconsolidated"
"223","R3UBH",146,"310CHO","Chorro Creek at Camp SLO",8193603,"Chorro Creek",0.306320907617504,2,"fresh","perennial","high","unconsolidated"
"224","R3UBH",260,"315JAL","Jalama Creek at County Park at RR trussels",17593975,"Jalama Creek",0.0867389491242702,4,"fresh","perennial","high","unconsolidated"
"225","R3UBH",207,"308PS0156","Skinner Creek ~0.2mi above Little Sur River",8188801,"Skinner Creek",0,2,"fresh","perennial","high","unconsolidated"
"226","R3UBH",379,"308MIL","Mill Creek @ Mill Creek Picnic Area",8190105,"Mill Creek",0.00938967136150235,3,"fresh","perennial","high","unconsolidated"
"227","R3UBH",385,"310SRU","Santa Rosa Creek at Ferrassi Road",8190759,"Santa Rosa Creek",0.165264423076923,3,"fresh","perennial","high","unconsolidated"
"228","R3UBH",384,"310SLM","San Luis Obispo Creek @ Mission Plaza",8193611,"San Luis Obispo Creek",0.2564632885212,3,"fresh","perennial","high","unconsolidated"
"229","R3UBH",376,"307CMU","Carmel River at Esquiline Road",17600475,"Carmel River",0.0340324724100075,5,"fresh","perennial","high","unconsolidated"
"230","R3UBH",128,"310CAW192","San Luis Obispo Creek ~1.1mi above Reservoir Canyon Creek",8192653,"San Luis Obispo Creek",0.303754266211604,2,"fresh","perennial","high","unconsolidated"
"231","R3UBH",15,"315APF","Arroyo Paredon Creek at Foothill Bridge",17595455,"Arroyo Paredon",0.119191919191919,2,"fresh","perennial","high","unconsolidated"
"232","R3UBH",330,"304SOU","Soquel Creek at Soquel Creek Road",17683352,"Soquel Creek",0.0687022900763359,3,"fresh","perennial","high","unconsolidated"
"233","R3UBH",329,"304SLE","San Lorenzo Upstream Bear Creek",17682314,"San Lorenzo River",0.0705244122965642,3,"fresh","perennial","high","unconsolidated"
"234","R3UBH",220,"315ARH101","Arroyo Hondo ~0.5mi above Hwy 101",17594741," ",0.0750750750750751,2,"fresh","perennial","high","unconsolidated"
"235","R3UBH",381,"308SJC","San Jose Creek at Private Road Access (north of Point Lobos)",8187663,"San Jose Creek",0.0495934959349593,3,"fresh","perennial","high","unconsolidated"
"236","R3UBH",315,"304BRA","Branciforte Creek at Water Street",17684084,"Carbonera Creek",0.411922304085733,3,"fresh","perennial","high","unconsolidated"
"237","R3UBH",221,"309ARSARC","Arroyo Seco ~0.3mi above Rosevelt Cr.",8204015,"Arroyo Seco",0.00505689001264223,3,"fresh","perennial","high","unconsolidated"
"238","R3UBH",226,"308MWCAH1","McWay Creek ~0.4mi above Hwy 1",8189049,"McWay Creek",0,2,"fresh","perennial","high","unconsolidated"
"239","R4SBA",399,"312HUA","Huasna River at School Road",17633096,"Huasna River",0.0674429888403688,4,"fresh","perennial","low","unconsolidated"
"240","R4SBA",288,"312CUY","Cuyama River downstream Buckhorn Rd",17632536," ",0.03125,1,"fresh","perennial","low","unconsolidated"
"241","R4SBA",359,"317EST","Estrella River @ Airport Rd",17647991,"Estrella River",0.0946950320464598,5,"fresh","perennial","low","unconsolidated"
"242","R4SBAx",308,"315SCC","Sycamore Creek at Punta Gorda",17595447,"Sycamore Creek",0.331521739130435,3,"fresh","perennial","low","unconsolidated"
"243","R4SBAx",310,"315TOR","Toro Canyon Creek at  Via Real",17595451,"Toro Canyon Creek",0.336683417085427,1,"fresh","perennial","low","unconsolidated"
"244","R4SBAx",279,"315ABH","Arroyo Burro Creek at Hope Street",17596153,"Arroyo Burro",0.285925925925926,2,"fresh","perennial","low","unconsolidated"
"245","R4SBAx",175,"GVWDV21","El Encanto Creek (Phelps Ditch) above Ocean Meadows Golf Course",17595413," ",0.926666666666667,1,"fresh","perennial","low","unconsolidated"
"246","R4SBAx",177,"GVWDV22","El Encanto Creek (Phelps Ditch) at Phelps Rd.",17595413," ",0.926666666666667,1,"fresh","perennial","low","unconsolidated"
"247","R4SBC",36,"315GAN","Glenn Annie Creek upstream Cathedral Oaks",17595369,"Tecolotito Creek",0.367069486404834,2,"fresh","perennial","low","unconsolidated"
"248","R4SBC",366,"309ANT","San Antonio River at Interlake Road Bridge",8210533,"San Antonio River",0.0696228338430173,4,"fresh","perennial","low","unconsolidated"
"249","R4SBC",367,"315SJH","San Jose Creek @ Hollister Road",17595405,"San Jose Creek",0.381384790011351,2,"fresh","perennial","low","unconsolidated"
"250","R4SBC",363,"309TOP","Topo Creek @ Metz Rd",8202713," ",0.0711063162024323,4,"fresh","perennial","low","unconsolidated"
"251","R4SBC",79,"309SUN","Salinas River upstream Nacimiento @ Bradley Rd",8212733,"Salinas River",0.128261304121857,6,"fresh","perennial","low","unconsolidated"
"252","R4SBC",217,"309SARANF","San Antonio River",8204317,"San Antonio River",0.0181626743879968,4,"fresh","perennial","low","unconsolidated"
"253","R4SBC",135,"305CAW049","Pacheco Creek ~1.3mi above South Fork",17662371,"Pacheco Creek",0.0471544715447154,3,"fresh","perennial","low","unconsolidated"
"254","R4SBC",137,"309CAW116","Toro Creek at Gaging Station",8214349,"Toro Creek",0.0316593886462882,2,"fresh","perennial","low","unconsolidated"
"255","R4SBC",83,"305SBH","San Benito River at Hollister near 156",17663521,"San Benito River",0.0647246670301425,6,"fresh","perennial","low","unconsolidated"
"256","R4SBC",78,"309GRN","Salinas River Elm Road in Greenfield",948060268,"Salinas River",0.122053643432879,6,"fresh","perennial","low","unconsolidated"
"257","R4SBC",31,"317ESE","Estrella River @ Estrella River Rd upstream Hwy 46",17649021,"Estrella River",0.0833286233727086,5,"fresh","perennial","low","unconsolidated"
"258","R4SBC",293,"315MYC","Maria Ynacio Creek @ Patterson Avenue",17595393,"Maria Ygnacio Creek",0.227877838684417,3,"fresh","perennial","low","unconsolidated"
"259","R4SBC",368,"315CAU","Carpinteria Creek at Highway 192",17596159,"Carpinteria Creek",0.149884704073789,3,"fresh","perennial","low","unconsolidated"
"260","R4SBC",324,"305BRI","San Benito River, Bridge downstream Willow Creek",17665645,"San Benito River",0.0354541263254956,4,"fresh","perennial","low","unconsolidated"
"261","R4SBC",185,"GVWMY1","Maria Ygnacio Creek at Patterson",17595393,"Maria Ygnacio Creek",0.227877838684417,3,"fresh","perennial","low","unconsolidated"
"262","R4SBC",231,"307SCCARR","San Clemente Creek ~0.5mi above Robinson Cyn. Rd.",17600667,"San Clemente Creek",0,1,"fresh","perennial","low","unconsolidated"
"263","R4SBC",362,"309LOK","San Lorenzo Creek @ First St in King City",8205383,"San Lorenzo Creek",0.138052482762042,5,"fresh","perennial","low","unconsolidated"
"264","R4SBC",204,"309PS0116","San Antonio River ~0.5mi above Bear Cyn. Cr.",8204319,"San Antonio River",0.0192536720921,4,"fresh","perennial","low","unconsolidated"
"265","R4SBC",351,"309PSO","Salinas River 13th Street in Paso Robles",8212843,"Salinas River",0.180126122682973,5,"fresh","perennial","low","unconsolidated"
"266","R4SBC",74,"309SAG","Salinas River @ Gonzales River Rd Bridge",948060280,"Salinas River",0.118434581441179,6,"fresh","perennial","low","unconsolidated"
"267","R4SBC",354,"309SAN","San Antonio River @ Hwy 101",8212727,"San Antonio River",0.0955186573826102,4,"fresh","perennial","low","unconsolidated"
"268","R4SBC",280,"315ATU","Atascadero Creek @ Patterson Avenue",17595395,"Atascadero Creek",0.747557003257329,2,"fresh","perennial","low","unconsolidated"
"269","R4SBC",186,"GVWSJ1","San Jose Creek at Hollister Avenue",17595405,"San Jose Creek",0.381384790011351,2,"fresh","perennial","low","unconsolidated"
"270","R4SBC",170,"GVWAT2","Atascadero Creek at Patterson",17595395,"Atascadero Creek",0.747557003257329,2,"fresh","perennial","low","unconsolidated"
"271","R4SBC",386,"307TUL","Tularcitos Creek @ Carmel Valley Rd",17600591,"Tularcitos Creek",0.0532651218778212,3,"fresh","perennial","low","unconsolidated"
"272","R4SBC",211,"308PS0308","Unnamed Trib. to Mill Creek ~0.8mi above Mainstem",8190091," ",0,1,"fresh","perennial","low","unconsolidated"
"273","R4SBC",296,"312NIT","Nipomo Creek at Tefft Street",17621895,"Nipomo Creek",0.633037694013304,3,"fresh","perennial","low","unconsolidated"
"274","R4SBC",161,"310DAU","Dairy Creek above Cattle Enclosure",8192615,"Dairy Creek",0.208163265306122,1,"fresh","perennial","low","unconsolidated"
"275","R4SBC",203,"309PS0072","Salinas River ~1.1mi above Hwy 101",948060165,"Salinas River",0.119278946709394,6,"fresh","perennial","low","unconsolidated"
"276","R4SBC",365,"309SAP","Salinas River at High Mountain Lookout Road",8213739,"Salinas River",0.0275200989486704,3,"fresh","perennial","low","unconsolidated"
"277","R4SBC",257,"315CRP","Carpinteria Creek at 8th Street foot bridge",17596159,"Carpinteria Creek",0.149884704073789,3,"fresh","perennial","low","unconsolidated"
"278","R4SBC",139,"309CAW182","San Antonio River ~1.4mi above Sam Jones Rd.",8210487,"San Antonio River",0.0607250057723389,4,"fresh","perennial","low","unconsolidated"
"279","R4SBC",179,"GVWGA2","Glen Annie/Tecolotito Creek at Cathedral Oaks",17595369,"Tecolotito Creek",0.367069486404834,2,"fresh","perennial","low","unconsolidated"
"280","R4SBC",75,"309SSP","Salinas River @ Spreckels Gage",8200525,"Salinas River",0.124944437985954,6,"fresh","perennial","low","unconsolidated"
"281","R4SBC",77,"309SAC","Salinas River at Chualar River Road",8200795,"Salinas River",0.118572378882363,6,"fresh","perennial","low","unconsolidated"
"282","R4SBC",196,"309PS0040","Salinas River PS0040",948060378,"Salinas River",0.119986871808008,6,"fresh","perennial","low","unconsolidated"
"283","R4SBC",142,"310UPN","Upper Pennington Creek",8193599,"Pennington Creek",0.235507246376812,1,"fresh","perennial","low","unconsolidated"
"284","R4SBC",250,"310ADU","Arroyo de la Cruz 500m upstream from Highway 1",8190409,"Arroyo De La Laguna",0.0144404332129964,4,"fresh","perennial","low","unconsolidated"
"285","R4SBC",404,"309SALUBD","Salinas River at Blaco Road (upstream of Blanco Dam)",8201805,"Salinas River",0.126309827244407,6,"fresh","perennial","low","unconsolidated"
"286","R4SBC",295,"312NIP","Nipomo Creek at Highway 166",17625305,"Nipomo Creek",0.486358244365362,3,"fresh","perennial","low","unconsolidated"
"287","R4SBC",187,"GVWSJ2","San Jose Creek at North Patterson Avenue",17596109,"San Jose Creek",0.20672268907563,2,"fresh","perennial","low","unconsolidated"
"288","R4SBC",350,"309SAS","Salinas River @ Hwy 101 in Soledad",948060170,"Salinas River",0.120294835242618,6,"fresh","perennial","low","unconsolidated"
"289","R4SBC",154,"310APN","Pennington Creek upstream from horse corral",8193599,"Pennington Creek",0.235507246376812,1,"fresh","perennial","low","unconsolidated"
"290","R4SBC",353,"309DSA","Salinas River Cattlemen Road near San Ardo",8209153,"Salinas River",0.113219039695745,6,"fresh","perennial","low","unconsolidated"
"291","R4SBC",352,"309SAT","Salinas River at Highway 41",8213281,"Salinas River",0.130917341182242,5,"fresh","perennial","low","unconsolidated"
"292","R4SBC",153,"310PEN","Pennington Creek at Hwy 1",8193599,"Pennington Creek",0.235507246376812,1,"fresh","perennial","low","unconsolidated"
"293","R4SBC",141,"309CAW050","San Antonio River at Oro Fino Canyon",8209461,"San Antonio River",0.0424099902692183,4,"fresh","perennial","low","unconsolidated"
"294","R4SBC",357,"309SET","Arroyo Seco River at Thorne Road",8202941,"Arroyo Seco",0.0597350768446973,5,"fresh","perennial","low","unconsolidated"
"295","R4SBC",127,"309CAW174","San Antonio River NF above Carrizo Creek",8204149,"North Fork San Antonio River",0.042654028436019,2,"fresh","perennial","low","unconsolidated"
"296","R4SBC",266,"309DAV","Salinas River at Davis Road",8200471,"Salinas River",0.125212749232736,6,"fresh","perennial","low","unconsolidated"
"297","R4SBC",152,"310CPN","Pennington Creek @ bridge",8193599,"Pennington Creek",0.235507246376812,1,"fresh","perennial","low","unconsolidated"
"298","R4SBC",251,"310ADC","Arroyo de la Cruz at Highway 1",8190405,"Arroyo De La Laguna",0.0167943429581615,4,"fresh","perennial","low","unconsolidated"
"299","R4SBC",126,"309CAW194","San Antonio River above Del Venturi Rd.",8209329,"San Antonio River",0.0314366859269415,4,"fresh","perennial","low","unconsolidated"
"300","R4SBC",167,"CMWCP00","Carpinteria Creek at 8th Street",17596159,"Carpinteria Creek",0.149884704073789,3,"fresh","perennial","low","unconsolidated"
"301","R4SBC",138,"309CAW130","Nacimiento River 0.7mi above Slickrock Creek",8209419,"Nacimiento River",0.0134328358208955,4,"fresh","perennial","low","unconsolidated"
"302","R4SBCx",67,"309QUI","Quail Creek @ Hwy 101",948060078,"Quail Creek",0.171224732461356,3,"fresh","perennial","low","unconsolidated"
"303","R4SBCx",24,"309CRR","Chualar Creek @ Chualar River Rd",948060140,"Chualar Creek",0.291083916083916,3,"fresh","perennial","low","unconsolidated"
"304","R4SBCx",347,"309UAL","Salinas Reclamation Canal @ Old Stage Rd",948060324,"Alisal Creek",0.301462904911181,3,"fresh","perennial","low","unconsolidated"
"305","R4SBCx",53,"312ORI","Orcutt Creek @ Hwy 1",17624121," ",0.468106312292359,3,"fresh","perennial","low","unconsolidated"
"306","R4SBCx",106,"309-SRITA-34","Santa Rita Creek at Russell Road",17605311," ",0.830860534124629,1,"fresh","perennial","low","unconsolidated"
"307","R4SBCx",70,"309QCW","Quail Creek west of Hwy 101 @ RR tracks",948060078,"Quail Creek",0.171224732461356,3,"fresh","perennial","low","unconsolidated"
"308","R4SBCx",105,"309-SRITA-36","Santa Rita Creek at North Main Street and East Bolivar Street",17605311," ",0.830860534124629,1,"fresh","perennial","low","unconsolidated"
"309","R4SBCx",394,"310BER","Los Berros Creek @ Valley Rd",8193027,"Los Berros Creek",0.327547592385218,2,"fresh","perennial","low","unconsolidated"
"310","R4SBCx",174,"GVWCG1","Cieneguitas Creek at Nogal Drive",17595357,"Cieneguitas Creek",0.678733031674208,2,"fresh","perennial","low","unconsolidated"
"311","R4SBCx",3,"306-CARNE-32","Carneros Creek at mid entry to wetland",17604037,"Elkhorn Slough",0.362396492937165,3,"fresh","perennial","low","unconsolidated"
"312","R4SBCx",27,"309CCD","Chualar Creek west of Highway 101",948060140,"Chualar Creek",0.291083916083916,3,"fresh","perennial","low","unconsolidated"
"313","R4SBCx",189,"GVWSP1","San Pedro Creek near Hollister Avenue",17595383,"San Pedro Creek",0.542395693135935,3,"fresh","perennial","low","unconsolidated"
"314","R4SBCx",258,"315FRC","Franklin Creek at 7th Street",17595477,"Franklin Creek",0.636986301369863,1,"fresh","perennial","low","unconsolidated"
"315","R4SBCx",22,"314DDE","Canal Trib to Santa Ynez River @ W Central Ave",17607779," ",0.33398247322298,3,"fresh","perennial","low","unconsolidated"
"316","R4SBCx",171,"GVWAT3","Atascadero Creek at Puente Drive",17595361,"Atascadero Creek",0.689054726368159,2,"fresh","perennial","low","unconsolidated"
"317","R4SBCx",407,"315FRCMVD","Franklin Creek 300 feet below Meadow View Road",17595477,"Franklin Creek",0.636986301369863,1,"fresh","perennial","low","unconsolidated"
"318","R4SBCx",56,"312ORN","Orcutt North Fork Tributary near sand plant",17624043," ",1,2,"fresh","perennial","low","unconsolidated"
"319","R4SBCx",406,"315FRCMVU","Franklin Creek 300 feet above Meadow View Road",17595477,"Franklin Creek",0.636986301369863,1,"fresh","perennial","low","unconsolidated"
"320","R4SBCx",162,"310CHD","Chorro Creek below Chorro Creek Dam",8193595,"Chorro Creek",0.148148148148148,2,"fresh","perennial","low","unconsolidated"
"321","R4SBCx",4,"306-CARNE-33A","Carneros Creek- Sill Road, road flow",17604037,"Elkhorn Slough",0.362396492937165,3,"fresh","perennial","low","unconsolidated"
"322","R4SBCx",32,"315FMV","Franklin Creek @ Mountain View Ln",17595477,"Franklin Creek",0.636986301369863,1,"fresh","perennial","low","unconsolidated"
"323","R4SBCx",2,"306-CARNE-31","Carneros Creek at Johnson Road",17604037,"Elkhorn Slough",0.362396492937165,3,"fresh","perennial","low","unconsolidated"
"324","R4SBCx",43,"310LBC","Los Berros Creek @ Century",8193043,"Los Berros Creek",0.28656518861681,2,"fresh","perennial","low","unconsolidated"
"325","R4SBCx",37,"312GVS","Green Valley @ Simas Rd",17624125," ",1,1,"fresh","perennial","low","unconsolidated"
"326","R4SBCx",12,"309HRT","Alisal Creek @ Hartnell Rd dogleg",948060323,"Alisal Creek",0.337157425111536,4,"fresh","perennial","low","unconsolidated"
"327","R4SBCx",46,"312MAB","Main St Ditch @ Bonita School",17624027," ",1,1,"fresh","perennial","low","unconsolidated"
"328","R4SBCx",252,"310ARG","Arroyo Grande Creek at 22nd Street",8193683,"Arroyo Grande Creek",0.227052596013065,4,"fresh","perennial","low","unconsolidated"
"329","R4SBCx",262,"315MIS","Mission Creek at Montecito Street",17595453,"Mission Creek",0.286407766990291,3,"fresh","perennial","low","unconsolidated"
"330","R4SBCx",169,"CMWSM01","Santa Monica Creek at Via Real",17595473,"Santa Monica Creek",0.203655352480418,2,"fresh","perennial","low","unconsolidated"
"331","R4SBCx",291,"315ANN","Glenn Annie Creek at Los Carneros Road",17595369,"Tecolotito Creek",0.367069486404834,2,"fresh","perennial","low","unconsolidated"
"332","R4SBCx",301,"315SJC","San Jose Creek @ Kellogg Boulevard",17595405,"San Jose Creek",0.381384790011351,2,"fresh","perennial","low","unconsolidated"
"333","R4SBCx",90,"309RTA","Santa Rita Creek @ Santa Rita Creek Park",17605311," ",0.830860534124629,1,"fresh","perennial","low","unconsolidated"
"334","R4SBCx",397,"312GVT","Orcutt Creek at Brown Road",17624199," ",0.415266617969321,3,"fresh","perennial","low","unconsolidated"
"335","R4SBCx",69,"309QUA","Quail Creek at Potter Road crossing",948060078,"Quail Creek",0.171224732461356,3,"fresh","perennial","low","unconsolidated"
"336","R4SBCx",143,"310TUR","Warden Creek @ Turi Road",8192647," ",0.476635514018692,2,"fresh","perennial","low","unconsolidated"
"337","R4SBCx",370,"315YSI","San Ysidro Creek @ Jamison Lane",17595443,"San Ysidro Creek",0.171557562076749,2,"fresh","perennial","low","unconsolidated"
"338","R4SBCx",304,"315SMC","Santa Monica Creek @ Carpenteria Avenue",17595473,"Santa Monica Creek",0.203655352480418,2,"fresh","perennial","low","unconsolidated"
"339","R4SBCx",303,"315SPC","San Pedro Creek above Holister Road",17595383,"San Pedro Creek",0.542395693135935,3,"fresh","perennial","low","unconsolidated"
"340","R4SBCx",168,"CMWFK00","Franklin Creek at Carpinteria Ave.",17595477,"Franklin Creek",0.636986301369863,1,"fresh","perennial","low","unconsolidated"
"341","R4SBCx",180,"GVWGA1","Glen Annie/Tecolotito Creek at Hollister Avenue",17595369,"Tecolotito Creek",0.367069486404834,2,"fresh","perennial","low","unconsolidated"
"342","R4SBCx",30,"309ESP","Espinosa Slough upstream of Alisal Slough",17604361," ",0.921545667447307,2,"fresh","perennial","low","unconsolidated"
"343","R4SBCx",86,"305MVR","San Juan Creek @ Mission Vineyard Rd near Hwy 156",17663549," ",0.261194029850746,3,"fresh","perennial","low","unconsolidated"
"344","R4SBCx",369,"315MTC","Montecito Creek at Jamison Lane",17595449,"Montecito Creek",0.149484536082474,2,"fresh","perennial","low","unconsolidated"
"345","R4SBCx",60,"312OSR","Oso Flaco Creek @ Hwy 1 and south RR trestle",17623815," ",1,NA,"fresh","perennial","low","unconsolidated"
"346","R4SBCx",55,"312ORC","Orcutt Creek at sand plant above Santa Maria River",17624017," ",0.47510632974731,3,"fresh","perennial","low","unconsolidated"
"347","R4SBJ",117,"312WE1035","Sisquoc River ~0.2mi below Big Pine Canyon",17626489,"Sisquoc River",0.00196656833824975,4,"fresh","perennial","low","unconsolidated"
"348","R4SBJ",113,"314WE0779","Coche Creek ~1mi above WF Santa Cruz Creek",17609583,"Coche Creek",0,2,"fresh","perennial","low","unconsolidated"
"349","R4SBJ",241,"312DAVDAV","Davy Brown Creek below Munch Cyn.",17626357," ",0.00645161290322581,3,"fresh","perennial","low","unconsolidated"
"350","R4SBJ",110,"314WE0796","Santa Cruz Creek WF ~3mi above Coche Creek",17609497," ",0,2,"fresh","perennial","low","unconsolidated"
"351","R4USA",402,"311SLN","Soda Lake North Tributary at Seven Mile Road",17657207," ",0.308536003814974,3,"fresh","perennial","low","unconsolidated"
"352","R4USA",305,"314SYP","Santa Ynez River at Paradise Road",17610671,"Santa Ynez River",0.00674402833245422,5,"fresh","perennial","low","unconsolidated"
"353","R4USA",332,"305TRE","Tres Pinos Creek @ Southside Rd",17665547,"Tres Pinos Creek",0.0536144887383921,5,"fresh","perennial","low","unconsolidated"
"354","R4USA",94,"314SYL","Santa Ynez River at Highway 246",948060325,"Santa Ynez River",0.0893909233009579,5,"fresh","perennial","low","unconsolidated"
"355","R4USA",396,"312CCC","Cuyama River below Cottonwood Canyon",17633540,"Cuyama River",0.040375256147541,5,"fresh","perennial","low","unconsolidated"
"356","R4USA",93,"314SYI","Santa Ynez River at Highway 101",17607929,"Santa Ynez River",0.0506045603044694,5,"fresh","perennial","low","unconsolidated"
"357","R4USA",306,"314SYC","Santa Ynez River d/s Lake Cachuma at Highway 154",17608051,"Santa Ynez River",0.0129219236887407,5,"fresh","perennial","low","unconsolidated"
"358","R4USC",321,"305PAC","Pacheco Creek at San Felipe Road",17663037,"Pacheco Creek",0.071969696969697,5,"fresh","perennial","low","unconsolidated"
"359","R4USC",287,"312CAV","Cuyama River at Highway 33",17637968,"Cuyama River",0.0261221105006738,4,"fresh","perennial","low","unconsolidated"
"360","R4USC",265,"315RIN","Rincon Creek at Bates Road",17596161,"Rincon Creek",0.19250936329588,3,"fresh","perennial","low","unconsolidated"
"361","R4USC",140,"305CAW161","Uvas Creek ~0.4mi below Thomas Rd",17663007,"Carnadero Creek",0.177942353883106,4,"fresh","perennial","low","unconsolidated"
"362","R4USJ",307,"312SIV","Sisquoc River upstream Tepusquet at USGS gage",17625379,"Sisquoc River",0.00361458591728977,5,"fresh","perennial","low","unconsolidated"
"363","R4USJ",401,"312SIS","Sisquoc River At Santa Maria Mesa Road",17625349,"Sisquoc River",0.0330217095428278,5,"fresh","perennial","low","unconsolidated"
"364","R4USJ",400,"312SBC","Santa Maria River at Bull Canyon Road",17625465,"Santa Maria River",0.0428851371721435,6,"fresh","perennial","low","unconsolidated"
